<?xml version="1.0" encoding="UTF-8"?>
<metadata xml:lang="en"><Esri><CreaDate>20170627</CreaDate><CreaTime>12300300</CreaTime><SyncOnce>FALSE</SyncOnce><SyncDate>20161222</SyncDate><SyncTime>15182200</SyncTime><ModDate>20161222</ModDate><ModTime>15182200</ModTime><ArcGISFormat>1.0</ArcGISFormat><DataProperties><lineage><Process ToolSource="C:\Program Files (x86)\ArcGIS\Desktop10.0\ArcToolbox\Toolboxes\Data Management Tools.tbx\CalculateField" Date="20120307" Time="143703">CalculateField faults_edited Feature "Buried Fault" VB #</Process><Process ToolSource="C:\Program Files (x86)\ArcGIS\Desktop10.0\ArcToolbox\Toolboxes\Data Management Tools.tbx\CalculateField" Date="20120307" Time="164718">CalculateField faults_edited Feature "Fault" VB #</Process><Process ToolSource="C:\Program Files (x86)\ArcGIS\Desktop10.0\ArcToolbox\Toolboxes\Data Management Tools.tbx\CalculateField" Date="20120307" Time="164924">CalculateField faults_edited Feature "Fault" VB #</Process><Process ToolSource="C:\Program Files (x86)\ArcGIS\Desktop10.0\ArcToolbox\Toolboxes\Data Management Tools.tbx\CalculateField" Date="20120522" Time="093616">CalculateField faults_edited Feature "Fault" VB #</Process><Process ToolSource="C:\Program Files (x86)\ArcGIS\Desktop10.0\ArcToolbox\Toolboxes\Data Management Tools.tbx\CalculateField" Date="20120522" Time="093811">CalculateField faults_edited Feature "Fault" VB #</Process><Process ToolSource="C:\Program Files (x86)\ArcGIS\Desktop10.0\ArcToolbox\Toolboxes\Data Management Tools.tbx\CalculateField" Date="20120522" Time="094346">CalculateField faults_edited Feature "Fault" VB #</Process><Process ToolSource="C:\Program Files (x86)\ArcGIS\Desktop10.0\ArcToolbox\Toolboxes\Data Management Tools.tbx\CalculateField" Date="20120522" Time="094432">CalculateField faults_edited Feature "Fault" VB #</Process><Process ToolSource="C:\Program Files (x86)\ArcGIS\Desktop10.0\ArcToolbox\Toolboxes\Data Management Tools.tbx\CalculateField" Date="20120522" Time="094516">CalculateField faults_edited Feature "Fault" VB #</Process><Process ToolSource="C:\Program Files (x86)\ArcGIS\Desktop10.0\ArcToolbox\Toolboxes\Data Management Tools.tbx\CalculateField" Date="20120522" Time="094602">CalculateField faults_edited Feature "Fault" VB #</Process><Process ToolSource="C:\Program Files (x86)\ArcGIS\Desktop10.0\ArcToolbox\Toolboxes\Data Management Tools.tbx\CalculateField" Date="20120522" Time="094649">CalculateField faults_edited Feature "Fault" VB #</Process><Process ToolSource="C:\Program Files (x86)\ArcGIS\Desktop10.0\ArcToolbox\Toolboxes\Data Management Tools.tbx\CalculateField" Date="20120522" Time="094710">CalculateField faults_edited Feature "Fault" VB #</Process><Process ToolSource="C:\Program Files (x86)\ArcGIS\Desktop10.0\ArcToolbox\Toolboxes\Data Management Tools.tbx\CalculateField" Date="20120522" Time="094801">CalculateField faults_edited Feature "Fault" VB #</Process><Process ToolSource="C:\Program Files (x86)\ArcGIS\Desktop10.0\ArcToolbox\Toolboxes\Data Management Tools.tbx\CalculateField" Date="20120522" Time="094858">CalculateField faults_edited Feature "Fault" VB #</Process><Process ToolSource="C:\Program Files (x86)\ArcGIS\Desktop10.0\ArcToolbox\Toolboxes\Data Management Tools.tbx\CalculateField" Date="20120522" Time="095148">CalculateField faults_edited Feature "Fault" VB #</Process><Process ToolSource="C:\Program Files (x86)\ArcGIS\Desktop10.0\ArcToolbox\Toolboxes\Data Management Tools.tbx\CalculateField" Date="20120522" Time="095228">CalculateField faults_edited Feature "Buried Fault" VB #</Process><Process ToolSource="C:\Program Files (x86)\ArcGIS\Desktop10.0\ArcToolbox\Toolboxes\Data Management Tools.tbx\CalculateField" Date="20120522" Time="095446">CalculateField faults_edited Feature "Fault" VB #</Process><Process ToolSource="C:\Program Files (x86)\ArcGIS\Desktop10.0\ArcToolbox\Toolboxes\Data Management Tools.tbx\CalculateField" Date="20120522" Time="095641">CalculateField faults_edited Feature "Fault" VB #</Process><Process ToolSource="C:\Program Files (x86)\ArcGIS\Desktop10.0\ArcToolbox\Toolboxes\Data Management Tools.tbx\CalculateField" Date="20120522" Time="095709">CalculateField faults_edited Feature "Approximate Fault" VB #</Process><Process ToolSource="C:\Program Files (x86)\ArcGIS\Desktop10.0\ArcToolbox\Toolboxes\Data Management Tools.tbx\CalculateField" Date="20120522" Time="095737">CalculateField faults_edited Feature "Fault" VB #</Process><Process ToolSource="C:\Program Files (x86)\ArcGIS\Desktop10.0\ArcToolbox\Toolboxes\Data Management Tools.tbx\CalculateField" Date="20120522" Time="095823">CalculateField faults_edited Feature "Approximate Fault" VB #</Process><Process ToolSource="C:\Program Files (x86)\ArcGIS\Desktop10.0\ArcToolbox\Toolboxes\Data Management Tools.tbx\CalculateField" Date="20120522" Time="100127">CalculateField faults_edited Feature "Fault" VB #</Process><Process ToolSource="C:\Program Files (x86)\ArcGIS\Desktop10.0\ArcToolbox\Toolboxes\Data Management Tools.tbx\CalculateField" Date="20120522" Time="100352">CalculateField faults_edited Feature "Fault" VB #</Process><Process ToolSource="C:\Program Files (x86)\ArcGIS\Desktop10.0\ArcToolbox\Toolboxes\Data Management Tools.tbx\CalculateField" Date="20120522" Time="100436">CalculateField faults_edited Feature "Fault" VB #</Process><Process ToolSource="C:\Program Files (x86)\ArcGIS\Desktop10.0\ArcToolbox\Toolboxes\Data Management Tools.tbx\CalculateField" Date="20120522" Time="100916">CalculateField faults_edited Feature "Fault" VB #</Process><Process ToolSource="C:\Program Files (x86)\ArcGIS\Desktop10.0\ArcToolbox\Toolboxes\Data Management Tools.tbx\CalculateField" Date="20120522" Time="101123">CalculateField faults_edited Feature "Fault" VB #</Process><Process ToolSource="C:\Program Files (x86)\ArcGIS\Desktop10.0\ArcToolbox\Toolboxes\Data Management Tools.tbx\CalculateField" Date="20120522" Time="101404">CalculateField faults_edited Feature "Fault" VB #</Process><Process ToolSource="C:\Program Files (x86)\ArcGIS\Desktop10.0\ArcToolbox\Toolboxes\Data Management Tools.tbx\CalculateField" Date="20120522" Time="101512">CalculateField faults_edited Feature "Fault" VB #</Process><Process ToolSource="C:\Program Files (x86)\ArcGIS\Desktop10.0\ArcToolbox\Toolboxes\Data Management Tools.tbx\CalculateField" Date="20120522" Time="101711">CalculateField faults_edited Feature "Fault" VB #</Process><Process ToolSource="C:\Program Files (x86)\ArcGIS\Desktop10.0\ArcToolbox\Toolboxes\Data Management Tools.tbx\CalculateField" Date="20120522" Time="101756">CalculateField faults_edited Feature "Buried Fault" VB #</Process><Process ToolSource="C:\Program Files (x86)\ArcGIS\Desktop10.0\ArcToolbox\Toolboxes\Data Management Tools.tbx\CalculateField" Date="20120522" Time="101837">CalculateField faults_edited Feature "Fault" VB #</Process><Process ToolSource="C:\Program Files (x86)\ArcGIS\Desktop10.0\ArcToolbox\Toolboxes\Data Management Tools.tbx\CalculateField" Date="20120522" Time="101949">CalculateField faults_edited Feature "Buried Fault" VB #</Process><Process ToolSource="C:\Program Files (x86)\ArcGIS\Desktop10.0\ArcToolbox\Toolboxes\Data Management Tools.tbx\CalculateField" Date="20120522" Time="102022">CalculateField faults_edited Feature "Fault" VB #</Process><Process ToolSource="C:\Program Files (x86)\ArcGIS\Desktop10.0\ArcToolbox\Toolboxes\Data Management Tools.tbx\CalculateField" Date="20120522" Time="102249">CalculateField faults_edited Feature "Fault" VB #</Process><Process ToolSource="C:\Program Files (x86)\ArcGIS\Desktop10.0\ArcToolbox\Toolboxes\Data Management Tools.tbx\CalculateField" Date="20120522" Time="102439">CalculateField faults_edited Feature "Fault" VB #</Process><Process ToolSource="C:\Program Files (x86)\ArcGIS\Desktop10.0\ArcToolbox\Toolboxes\Data Management Tools.tbx\CalculateField" Date="20120524" Time="142242">CalculateField faults_edited Feature "Fault" VB #</Process><Process ToolSource="C:\Program Files (x86)\ArcGIS\Desktop10.0\ArcToolbox\Toolboxes\Data Management Tools.tbx\CalculateField" Date="20120524" Time="142517">CalculateField faults_edited Feature "Fault" VB #</Process><Process ToolSource="C:\Program Files (x86)\ArcGIS\Desktop10.0\ArcToolbox\Toolboxes\Data Management Tools.tbx\CalculateField" Date="20120524" Time="144358">CalculateField faults_edited Feature "Fault" VB #</Process><Process ToolSource="C:\Program Files (x86)\ArcGIS\Desktop10.0\ArcToolbox\Toolboxes\Data Management Tools.tbx\CalculateField" Date="20120524" Time="144533">CalculateField faults_edited Feature "Fault" VB #</Process><Process ToolSource="C:\Program Files (x86)\ArcGIS\Desktop10.0\ArcToolbox\Toolboxes\Data Management Tools.tbx\CalculateField" Date="20120524" Time="144912">CalculateField faults_edited Feature "Fault" VB #</Process><Process ToolSource="C:\Program Files (x86)\ArcGIS\Desktop10.0\ArcToolbox\Toolboxes\Data Management Tools.tbx\CalculateField" Date="20120524" Time="145023">CalculateField faults_edited Feature "Approximate Fault" VB #</Process><Process ToolSource="C:\Program Files (x86)\ArcGIS\Desktop10.0\ArcToolbox\Toolboxes\Data Management Tools.tbx\CalculateField" Date="20120524" Time="145334">CalculateField faults_edited Feature "Buried Fault" VB #</Process><Process ToolSource="C:\Program Files (x86)\ArcGIS\Desktop10.0\ArcToolbox\Toolboxes\Data Management Tools.tbx\CalculateField" Date="20120524" Time="145429">CalculateField faults_edited Feature "Approximate Fault" VB #</Process><Process ToolSource="C:\Program Files (x86)\ArcGIS\Desktop10.0\ArcToolbox\Toolboxes\Data Management Tools.tbx\CalculateField" Date="20120524" Time="145622">CalculateField faults_edited Feature "Fault" VB #</Process><Process ToolSource="C:\Program Files (x86)\ArcGIS\Desktop10.0\ArcToolbox\Toolboxes\Data Management Tools.tbx\CalculateField" Date="20120524" Time="145711">CalculateField faults_edited Feature "Buried Fault" VB #</Process><Process ToolSource="C:\Program Files (x86)\ArcGIS\Desktop10.0\ArcToolbox\Toolboxes\Data Management Tools.tbx\CalculateField" Date="20120524" Time="150032">CalculateField faults_edited Feature "Fault" VB #</Process><Process ToolSource="C:\Program Files (x86)\ArcGIS\Desktop10.0\ArcToolbox\Toolboxes\Data Management Tools.tbx\CalculateField" Date="20120524" Time="150438">CalculateField faults_edited Feature "Buried Fault" VB #</Process><Process ToolSource="C:\Program Files (x86)\ArcGIS\Desktop10.0\ArcToolbox\Toolboxes\Data Management Tools.tbx\CalculateField" Date="20120524" Time="150546">CalculateField faults_edited Feature "Buried Fault" VB #</Process><Process ToolSource="C:\Program Files (x86)\ArcGIS\Desktop10.0\ArcToolbox\Toolboxes\Data Management Tools.tbx\CalculateField" Date="20120524" Time="150749">CalculateField faults_edited Feature "Fault" VB #</Process><Process ToolSource="C:\Program Files (x86)\ArcGIS\Desktop10.0\ArcToolbox\Toolboxes\Data Management Tools.tbx\CalculateField" Date="20120524" Time="151703">CalculateField faults_edited Feature "Fault" VB #</Process><Process ToolSource="C:\Program Files (x86)\ArcGIS\Desktop10.0\ArcToolbox\Toolboxes\Data Management Tools.tbx\CalculateField" Date="20120524" Time="152011">CalculateField faults_edited Feature "Fault" VB #</Process><Process ToolSource="C:\Program Files (x86)\ArcGIS\Desktop10.0\ArcToolbox\Toolboxes\Data Management Tools.tbx\CalculateField" Date="20120524" Time="152215">CalculateField faults_edited Feature "Fault" VB #</Process><Process ToolSource="C:\Program Files (x86)\ArcGIS\Desktop10.0\ArcToolbox\Toolboxes\Data Management Tools.tbx\CalculateField" Date="20120524" Time="152314">CalculateField faults_edited Feature "Fault" VB #</Process><Process ToolSource="C:\Program Files (x86)\ArcGIS\Desktop10.0\ArcToolbox\Toolboxes\Data Management Tools.tbx\CalculateField" Date="20120524" Time="152452">CalculateField faults_edited Feature "Fault" VB #</Process><Process ToolSource="C:\Program Files (x86)\ArcGIS\Desktop10.0\ArcToolbox\Toolboxes\Data Management Tools.tbx\CalculateField" Date="20120524" Time="152609">CalculateField faults_edited Feature "Fault" VB #</Process><Process ToolSource="C:\Program Files (x86)\ArcGIS\Desktop10.0\ArcToolbox\Toolboxes\Data Management Tools.tbx\CalculateField" Date="20120524" Time="152754">CalculateField faults_edited Feature "Fault" VB #</Process><Process ToolSource="C:\Program Files (x86)\ArcGIS\Desktop10.0\ArcToolbox\Toolboxes\Data Management Tools.tbx\CalculateField" Date="20120524" Time="153641">CalculateField faults_edited Feature "Fault" VB #</Process><Process ToolSource="C:\Program Files (x86)\ArcGIS\Desktop10.0\ArcToolbox\Toolboxes\Data Management Tools.tbx\CalculateField" Date="20120524" Time="154639">CalculateField faults_edited Feature "Fault" VB #</Process><Process ToolSource="C:\Program Files (x86)\ArcGIS\Desktop10.0\ArcToolbox\Toolboxes\Data Management Tools.tbx\CalculateField" Date="20120524" Time="154728">CalculateField faults_edited Feature "Fault" VB #</Process><Process ToolSource="C:\Program Files (x86)\ArcGIS\Desktop10.0\ArcToolbox\Toolboxes\Data Management Tools.tbx\CalculateField" Date="20120524" Time="155032">CalculateField faults_edited Feature "Buried Fault" VB #</Process><Process ToolSource="C:\Program Files (x86)\ArcGIS\Desktop10.0\ArcToolbox\Toolboxes\Data Management Tools.tbx\CalculateField" Date="20120524" Time="155137">CalculateField faults_edited Feature "Fault" VB #</Process><Process ToolSource="C:\Program Files (x86)\ArcGIS\Desktop10.0\ArcToolbox\Toolboxes\Data Management Tools.tbx\CalculateField" Date="20120524" Time="155258">CalculateField faults_edited Feature "Fault" VB #</Process><Process ToolSource="C:\Program Files (x86)\ArcGIS\Desktop10.0\ArcToolbox\Toolboxes\Data Management Tools.tbx\CalculateField" Date="20120524" Time="155638">CalculateField faults_edited Feature "Fault" VB #</Process><Process ToolSource="C:\Program Files (x86)\ArcGIS\Desktop10.0\ArcToolbox\Toolboxes\Data Management Tools.tbx\CalculateField" Date="20120524" Time="155832">CalculateField faults_edited Feature "Fault" VB #</Process><Process ToolSource="C:\Program Files (x86)\ArcGIS\Desktop10.0\ArcToolbox\Toolboxes\Data Management Tools.tbx\CalculateField" Date="20120524" Time="160126">CalculateField faults_edited Feature "Fault" VB #</Process><Process ToolSource="C:\Program Files (x86)\ArcGIS\Desktop10.0\ArcToolbox\Toolboxes\Data Management Tools.tbx\CalculateField" Date="20120524" Time="160329">CalculateField faults_edited Feature "Fault" VB #</Process><Process ToolSource="C:\Program Files (x86)\ArcGIS\Desktop10.0\ArcToolbox\Toolboxes\Data Management Tools.tbx\CalculateField" Date="20120524" Time="160950">CalculateField faults_edited Feature "Buried Fault" VB #</Process><Process ToolSource="C:\Program Files (x86)\ArcGIS\Desktop10.0\ArcToolbox\Toolboxes\Data Management Tools.tbx\CalculateField" Date="20120524" Time="161418">CalculateField faults_edited Feature "Fault" VB #</Process><Process ToolSource="C:\Program Files (x86)\ArcGIS\Desktop10.0\ArcToolbox\Toolboxes\Data Management Tools.tbx\CalculateField" Date="20120524" Time="162025">CalculateField faults_edited Feature "Approximate Fault" VB #</Process><Process ToolSource="C:\Program Files (x86)\ArcGIS\Desktop10.0\ArcToolbox\Toolboxes\Data Management Tools.tbx\CalculateField" Date="20120524" Time="162808">CalculateField faults_edited Feature "Fault" VB #</Process><Process ToolSource="C:\Program Files (x86)\ArcGIS\Desktop10.0\ArcToolbox\Toolboxes\Data Management Tools.tbx\CalculateField" Date="20120524" Time="163002">CalculateField faults_edited Feature "Approximate Fault" VB #</Process><Process ToolSource="C:\Program Files (x86)\ArcGIS\Desktop10.0\ArcToolbox\Toolboxes\Data Management Tools.tbx\CalculateField" Date="20120524" Time="163406">CalculateField faults_edited Feature "Approximate Fault" VB #</Process><Process ToolSource="C:\Program Files (x86)\ArcGIS\Desktop10.0\ArcToolbox\Toolboxes\Data Management Tools.tbx\CalculateField" Date="20120524" Time="163434">CalculateField faults_edited Feature " Buried Fault" VB #</Process><Process ToolSource="C:\Program Files (x86)\ArcGIS\Desktop10.0\ArcToolbox\Toolboxes\Data Management Tools.tbx\CalculateField" Date="20120524" Time="163456">CalculateField faults_edited Feature "Approximate Fault" VB #</Process><Process ToolSource="C:\Program Files (x86)\ArcGIS\Desktop10.0\ArcToolbox\Toolboxes\Data Management Tools.tbx\CalculateField" Date="20120524" Time="163715">CalculateField faults_edited Feature "Fault" VB #</Process><Process ToolSource="C:\Program Files (x86)\ArcGIS\Desktop10.0\ArcToolbox\Toolboxes\Data Management Tools.tbx\CalculateField" Date="20120524" Time="164117">CalculateField faults_edited Feature "Fault" VB #</Process><Process ToolSource="C:\Program Files (x86)\ArcGIS\Desktop10.0\ArcToolbox\Toolboxes\Data Management Tools.tbx\CalculateField" Date="20120525" Time="095012">CalculateField faults_edited Feature "Approximate Fault" VB #</Process><Process ToolSource="C:\Program Files (x86)\ArcGIS\Desktop10.0\ArcToolbox\Toolboxes\Data Management Tools.tbx\CalculateField" Date="20120525" Time="095912">CalculateField faults_edited Feature "Fault" VB #</Process><Process ToolSource="C:\Program Files (x86)\ArcGIS\Desktop10.0\ArcToolbox\Toolboxes\Data Management Tools.tbx\CalculateField" Date="20120525" Time="100533">CalculateField faults_edited Feature "Fault" VB #</Process><Process ToolSource="C:\Program Files (x86)\ArcGIS\Desktop10.0\ArcToolbox\Toolboxes\Data Management Tools.tbx\CalculateField" Date="20120525" Time="100915">CalculateField faults_edited Feature "Fault" VB #</Process><Process ToolSource="C:\Program Files (x86)\ArcGIS\Desktop10.0\ArcToolbox\Toolboxes\Data Management Tools.tbx\CalculateField" Date="20120525" Time="101012">CalculateField faults_edited Feature "Buried Fault" VB #</Process><Process ToolSource="C:\Program Files (x86)\ArcGIS\Desktop10.0\ArcToolbox\Toolboxes\Data Management Tools.tbx\CalculateField" Date="20120525" Time="101130">CalculateField faults_edited Feature "Buried Fault" VB #</Process><Process ToolSource="C:\Program Files (x86)\ArcGIS\Desktop10.0\ArcToolbox\Toolboxes\Data Management Tools.tbx\CalculateField" Date="20120525" Time="102148">CalculateField faults_edited Feature "Buried Fault" VB #</Process><Process ToolSource="C:\Program Files (x86)\ArcGIS\Desktop10.0\ArcToolbox\Toolboxes\Data Management Tools.tbx\CalculateField" Date="20120525" Time="102807">CalculateField faults_edited Feature "Fault" VB #</Process><Process ToolSource="C:\Program Files (x86)\ArcGIS\Desktop10.0\ArcToolbox\Toolboxes\Data Management Tools.tbx\CalculateField" Date="20120525" Time="102957">CalculateField faults_edited Feature "Fault" VB #</Process><Process ToolSource="C:\Program Files (x86)\ArcGIS\Desktop10.0\ArcToolbox\Toolboxes\Data Management Tools.tbx\CalculateField" Date="20120525" Time="105512">CalculateField faults_edited Feature "Fault" VB #</Process><Process ToolSource="C:\Program Files (x86)\ArcGIS\Desktop10.0\ArcToolbox\Toolboxes\Data Management Tools.tbx\CalculateField" Date="20120525" Time="105550">CalculateField faults_edited Feature "Fault" VB #</Process><Process ToolSource="C:\Program Files (x86)\ArcGIS\Desktop10.0\ArcToolbox\Toolboxes\Data Management Tools.tbx\CalculateField" Date="20120525" Time="105848">CalculateField faults_edited Feature "Buried Fault" VB #</Process><Process ToolSource="C:\Program Files (x86)\ArcGIS\Desktop10.0\ArcToolbox\Toolboxes\Data Management Tools.tbx\CalculateField" Date="20120525" Time="110329">CalculateField faults_edited Feature "Fault" VB #</Process><Process ToolSource="C:\Program Files (x86)\ArcGIS\Desktop10.0\ArcToolbox\Toolboxes\Data Management Tools.tbx\CalculateField" Date="20120525" Time="110503">CalculateField faults_edited Feature "Fault" VB #</Process><Process ToolSource="C:\Program Files (x86)\ArcGIS\Desktop10.0\ArcToolbox\Toolboxes\Data Management Tools.tbx\CalculateField" Date="20120525" Time="110613">CalculateField faults_edited Feature "Fault" VB #</Process><Process ToolSource="C:\Program Files (x86)\ArcGIS\Desktop10.0\ArcToolbox\Toolboxes\Data Management Tools.tbx\CalculateField" Date="20120525" Time="110711">CalculateField faults_edited Feature "Buried Fault" VB #</Process><Process ToolSource="C:\Program Files (x86)\ArcGIS\Desktop10.0\ArcToolbox\Toolboxes\Data Management Tools.tbx\CalculateField" Date="20120525" Time="110851">CalculateField faults_edited Feature "Fault" VB #</Process><Process ToolSource="C:\Program Files (x86)\ArcGIS\Desktop10.0\ArcToolbox\Toolboxes\Data Management Tools.tbx\CalculateField" Date="20120525" Time="111023">CalculateField faults_edited Feature "Fault" VB #</Process><Process ToolSource="C:\Program Files (x86)\ArcGIS\Desktop10.0\ArcToolbox\Toolboxes\Data Management Tools.tbx\CalculateField" Date="20120525" Time="111446">CalculateField faults_edited Feature "Fault" VB #</Process><Process ToolSource="C:\Program Files (x86)\ArcGIS\Desktop10.0\ArcToolbox\Toolboxes\Data Management Tools.tbx\CalculateField" Date="20120525" Time="111651">CalculateField faults_edited Feature "Fault" VB #</Process><Process ToolSource="C:\Program Files (x86)\ArcGIS\Desktop10.0\ArcToolbox\Toolboxes\Data Management Tools.tbx\CalculateField" Date="20120525" Time="123314">CalculateField faults_edited Feature "Fault" VB #</Process><Process ToolSource="C:\Program Files (x86)\ArcGIS\Desktop10.0\ArcToolbox\Toolboxes\Data Management Tools.tbx\CalculateField" Date="20120525" Time="123835">CalculateField faults_edited Feature "Fault" VB #</Process><Process ToolSource="C:\Program Files (x86)\ArcGIS\Desktop10.0\ArcToolbox\Toolboxes\Data Management Tools.tbx\CalculateField" Date="20120525" Time="123855">CalculateField faults_edited Feature "Buried Fault" VB #</Process><Process ToolSource="C:\Program Files (x86)\ArcGIS\Desktop10.0\ArcToolbox\Toolboxes\Data Management Tools.tbx\CalculateField" Date="20120525" Time="123925">CalculateField faults_edited Feature "Fault" VB #</Process><Process ToolSource="C:\Program Files (x86)\ArcGIS\Desktop10.0\ArcToolbox\Toolboxes\Data Management Tools.tbx\CalculateField" Date="20120611" Time="131339">CalculateField faults_edited Feature "Fault" VB #</Process><Process ToolSource="C:\Program Files (x86)\ArcGIS\Desktop10.0\ArcToolbox\Toolboxes\Data Management Tools.tbx\CalculateField" Date="20120611" Time="131616">CalculateField faults_edited Feature "Fault" VB #</Process><Process ToolSource="C:\Program Files (x86)\ArcGIS\Desktop10.0\ArcToolbox\Toolboxes\Data Management Tools.tbx\CalculateField" Date="20120611" Time="131756">CalculateField faults_edited Feature "Fault" VB #</Process><Process ToolSource="C:\Program Files (x86)\ArcGIS\Desktop10.0\ArcToolbox\Toolboxes\Data Management Tools.tbx\CalculateField" Date="20120611" Time="132646">CalculateField faults_edited Feature "Fault" VB #</Process><Process ToolSource="C:\Program Files (x86)\ArcGIS\Desktop10.0\ArcToolbox\Toolboxes\Data Management Tools.tbx\CalculateField" Date="20120611" Time="133034">CalculateField faults_edited Feature "Fault" VB #</Process><Process ToolSource="C:\Program Files (x86)\ArcGIS\Desktop10.0\ArcToolbox\Toolboxes\Data Management Tools.tbx\CalculateField" Date="20120611" Time="133138">CalculateField faults_edited Feature "Buried Fault" VB #</Process><Process ToolSource="C:\Program Files (x86)\ArcGIS\Desktop10.0\ArcToolbox\Toolboxes\Data Management Tools.tbx\CalculateField" Date="20120611" Time="133224">CalculateField faults_edited Feature "Buried Fault" VB #</Process><Process ToolSource="C:\Program Files (x86)\ArcGIS\Desktop10.0\ArcToolbox\Toolboxes\Data Management Tools.tbx\CalculateField" Date="20120611" Time="133349">CalculateField faults_edited Feature "Buried Fault" VB #</Process><Process ToolSource="C:\Program Files (x86)\ArcGIS\Desktop10.0\ArcToolbox\Toolboxes\Data Management Tools.tbx\CalculateField" Date="20120611" Time="133703">CalculateField faults_edited Feature "Fault" VB #</Process><Process ToolSource="C:\Program Files (x86)\ArcGIS\Desktop10.0\ArcToolbox\Toolboxes\Data Management Tools.tbx\CalculateField" Date="20120611" Time="134043">CalculateField faults_edited Feature "Fault" VB #</Process><Process ToolSource="C:\Program Files (x86)\ArcGIS\Desktop10.0\ArcToolbox\Toolboxes\Data Management Tools.tbx\CalculateField" Date="20120611" Time="134231">CalculateField faults_edited Feature "Buried Fault" VB #</Process><Process ToolSource="C:\Program Files (x86)\ArcGIS\Desktop10.0\ArcToolbox\Toolboxes\Data Management Tools.tbx\CalculateField" Date="20120611" Time="134309">CalculateField faults_edited Feature "Fault" VB #</Process><Process ToolSource="C:\Program Files (x86)\ArcGIS\Desktop10.0\ArcToolbox\Toolboxes\Data Management Tools.tbx\CalculateField" Date="20120611" Time="134342">CalculateField faults_edited Feature "Fault" VB #</Process><Process ToolSource="C:\Program Files (x86)\ArcGIS\Desktop10.0\ArcToolbox\Toolboxes\Data Management Tools.tbx\CalculateField" Date="20120611" Time="134627">CalculateField faults_edited Feature "Fault" VB #</Process><Process ToolSource="C:\Program Files (x86)\ArcGIS\Desktop10.0\ArcToolbox\Toolboxes\Data Management Tools.tbx\CalculateField" Date="20120611" Time="135101">CalculateField faults_edited Feature "Fault" VB #</Process><Process ToolSource="C:\Program Files (x86)\ArcGIS\Desktop10.0\ArcToolbox\Toolboxes\Data Management Tools.tbx\CalculateField" Date="20120611" Time="135152">CalculateField faults_edited Feature "Buried Fault" VB #</Process><Process ToolSource="C:\Program Files (x86)\ArcGIS\Desktop10.0\ArcToolbox\Toolboxes\Data Management Tools.tbx\CalculateField" Date="20120611" Time="135448">CalculateField faults_edited Feature "Fault" VB #</Process><Process ToolSource="C:\Program Files (x86)\ArcGIS\Desktop10.0\ArcToolbox\Toolboxes\Data Management Tools.tbx\CalculateField" Date="20120611" Time="135559">CalculateField faults_edited Feature "Fault" VB #</Process><Process ToolSource="C:\Program Files (x86)\ArcGIS\Desktop10.0\ArcToolbox\Toolboxes\Data Management Tools.tbx\CalculateField" Date="20120611" Time="135654">CalculateField faults_edited Feature "Fault" VB #</Process><Process ToolSource="C:\Program Files (x86)\ArcGIS\Desktop10.0\ArcToolbox\Toolboxes\Data Management Tools.tbx\CalculateField" Date="20120611" Time="135830">CalculateField faults_edited Feature "Fault" VB #</Process><Process ToolSource="C:\Program Files (x86)\ArcGIS\Desktop10.0\ArcToolbox\Toolboxes\Data Management Tools.tbx\CalculateField" Date="20120611" Time="135913">CalculateField faults_edited Feature "Fault" VB #</Process><Process ToolSource="C:\Program Files (x86)\ArcGIS\Desktop10.0\ArcToolbox\Toolboxes\Data Management Tools.tbx\CalculateField" Date="20120611" Time="141653">CalculateField faults_edited Feature "Fault" VB #</Process><Process ToolSource="C:\Program Files (x86)\ArcGIS\Desktop10.0\ArcToolbox\Toolboxes\Data Management Tools.tbx\CalculateField" Date="20120611" Time="141800">CalculateField faults_edited Feature "Buried Fault" VB #</Process><Process ToolSource="C:\Program Files (x86)\ArcGIS\Desktop10.0\ArcToolbox\Toolboxes\Data Management Tools.tbx\CalculateField" Date="20120611" Time="142232">CalculateField faults_edited Feature "Fault" VB #</Process><Process ToolSource="C:\Program Files (x86)\ArcGIS\Desktop10.0\ArcToolbox\Toolboxes\Data Management Tools.tbx\CalculateField" Date="20120611" Time="142300">CalculateField faults_edited Feature "Fault" VB #</Process><Process ToolSource="C:\Program Files (x86)\ArcGIS\Desktop10.0\ArcToolbox\Toolboxes\Data Management Tools.tbx\CalculateField" Date="20120611" Time="142314">CalculateField faults_edited Feature "Buried Fault" VB #</Process><Process ToolSource="C:\Program Files (x86)\ArcGIS\Desktop10.0\ArcToolbox\Toolboxes\Data Management Tools.tbx\CalculateField" Date="20120611" Time="142536">CalculateField faults_edited Feature "Fault" VB #</Process><Process ToolSource="C:\Program Files (x86)\ArcGIS\Desktop10.0\ArcToolbox\Toolboxes\Data Management Tools.tbx\CalculateField" Date="20120611" Time="142616">CalculateField faults_edited Feature "Buried Fault" VB #</Process><Process ToolSource="C:\Program Files (x86)\ArcGIS\Desktop10.0\ArcToolbox\Toolboxes\Data Management Tools.tbx\CalculateField" Date="20120611" Time="142637">CalculateField faults_edited Feature "Fault" VB #</Process><Process ToolSource="C:\Program Files (x86)\ArcGIS\Desktop10.0\ArcToolbox\Toolboxes\Data Management Tools.tbx\CalculateField" Date="20120611" Time="142712">CalculateField faults_edited Feature "Fault" VB #</Process><Process ToolSource="C:\Program Files (x86)\ArcGIS\Desktop10.0\ArcToolbox\Toolboxes\Data Management Tools.tbx\CalculateField" Date="20120611" Time="142825">CalculateField faults_edited Feature "Fault" VB #</Process><Process ToolSource="C:\Program Files (x86)\ArcGIS\Desktop10.0\ArcToolbox\Toolboxes\Data Management Tools.tbx\CalculateField" Date="20120611" Time="142912">CalculateField faults_edited Feature "Fault" VB #</Process><Process ToolSource="C:\Program Files (x86)\ArcGIS\Desktop10.0\ArcToolbox\Toolboxes\Data Management Tools.tbx\CalculateField" Date="20120611" Time="142937">CalculateField faults_edited Feature "Fault" VB #</Process><Process ToolSource="C:\Program Files (x86)\ArcGIS\Desktop10.0\ArcToolbox\Toolboxes\Data Management Tools.tbx\CalculateField" Date="20120611" Time="143201">CalculateField faults_edited Feature "Fault" VB #</Process><Process ToolSource="C:\Program Files (x86)\ArcGIS\Desktop10.0\ArcToolbox\Toolboxes\Data Management Tools.tbx\CalculateField" Date="20120611" Time="143417">CalculateField faults_edited Feature "Fault" VB #</Process><Process ToolSource="C:\Program Files (x86)\ArcGIS\Desktop10.0\ArcToolbox\Toolboxes\Data Management Tools.tbx\CalculateField" Date="20120611" Time="144950">CalculateField faults_edited Feature "Fault" VB #</Process><Process ToolSource="C:\Program Files (x86)\ArcGIS\Desktop10.0\ArcToolbox\Toolboxes\Data Management Tools.tbx\CalculateField" Date="20120611" Time="145015">CalculateField faults_edited Feature "Buried Fault" VB #</Process><Process ToolSource="C:\Program Files (x86)\ArcGIS\Desktop10.0\ArcToolbox\Toolboxes\Data Management Tools.tbx\CalculateField" Date="20120611" Time="145026">CalculateField faults_edited Feature "Buried Fault" VB #</Process><Process ToolSource="C:\Program Files (x86)\ArcGIS\Desktop10.0\ArcToolbox\Toolboxes\Data Management Tools.tbx\CalculateField" Date="20120611" Time="145058">CalculateField faults_edited Feature "Fault" VB #</Process><Process ToolSource="C:\Program Files (x86)\ArcGIS\Desktop10.0\ArcToolbox\Toolboxes\Data Management Tools.tbx\CalculateField" Date="20120611" Time="145146">CalculateField faults_edited Feature "Fault" VB #</Process><Process ToolSource="C:\Program Files (x86)\ArcGIS\Desktop10.0\ArcToolbox\Toolboxes\Data Management Tools.tbx\CalculateField" Date="20120611" Time="145216">CalculateField faults_edited Feature "Buried Fault" VB #</Process><Process ToolSource="C:\Program Files (x86)\ArcGIS\Desktop10.0\ArcToolbox\Toolboxes\Data Management Tools.tbx\CalculateField" Date="20120611" Time="155118">CalculateField faults_edited Feature "Fault" VB #</Process><Process ToolSource="C:\Program Files (x86)\ArcGIS\Desktop10.0\ArcToolbox\Toolboxes\Data Management Tools.tbx\CalculateField" Date="20120611" Time="155202">CalculateField faults_edited Feature "Buried Fault" VB #</Process><Process ToolSource="C:\Program Files (x86)\ArcGIS\Desktop10.0\ArcToolbox\Toolboxes\Data Management Tools.tbx\CalculateField" Date="20120611" Time="155522">CalculateField faults_edited Feature "Fault" VB #</Process><Process ToolSource="C:\Program Files (x86)\ArcGIS\Desktop10.0\ArcToolbox\Toolboxes\Data Management Tools.tbx\CalculateField" Date="20120611" Time="155704">CalculateField faults_edited Feature "Fault" VB #</Process><Process ToolSource="C:\Program Files (x86)\ArcGIS\Desktop10.0\ArcToolbox\Toolboxes\Data Management Tools.tbx\CalculateField" Date="20120611" Time="160030">CalculateField faults_edited Feature "Fault" VB #</Process><Process ToolSource="C:\Program Files (x86)\ArcGIS\Desktop10.0\ArcToolbox\Toolboxes\Data Management Tools.tbx\CalculateField" Date="20120611" Time="160056">CalculateField faults_edited Feature "Fault" VB #</Process><Process ToolSource="C:\Program Files (x86)\ArcGIS\Desktop10.0\ArcToolbox\Toolboxes\Data Management Tools.tbx\CalculateField" Date="20120611" Time="160155">CalculateField faults_edited Feature "Fault" VB #</Process><Process ToolSource="C:\Program Files (x86)\ArcGIS\Desktop10.0\ArcToolbox\Toolboxes\Data Management Tools.tbx\CalculateField" Date="20120611" Time="160604">CalculateField faults_edited Feature "Approximate Fault" VB #</Process><Process ToolSource="C:\Program Files (x86)\ArcGIS\Desktop10.0\ArcToolbox\Toolboxes\Data Management Tools.tbx\CalculateField" Date="20120611" Time="160628">CalculateField faults_edited Feature "Buried Fault" VB #</Process><Process ToolSource="C:\Program Files (x86)\ArcGIS\Desktop10.0\ArcToolbox\Toolboxes\Data Management Tools.tbx\CalculateField" Date="20120611" Time="160657">CalculateField faults_edited Feature "Approximate Fault" VB #</Process><Process ToolSource="C:\Program Files (x86)\ArcGIS\Desktop10.0\ArcToolbox\Toolboxes\Data Management Tools.tbx\CalculateField" Date="20120611" Time="160721">CalculateField faults_edited Feature "Approximate Fault" VB #</Process><Process ToolSource="C:\Program Files (x86)\ArcGIS\Desktop10.0\ArcToolbox\Toolboxes\Data Management Tools.tbx\CalculateField" Date="20120611" Time="160744">CalculateField faults_edited Feature "Approximate Fault" VB #</Process><Process ToolSource="C:\Program Files (x86)\ArcGIS\Desktop10.0\ArcToolbox\Toolboxes\Data Management Tools.tbx\CalculateField" Date="20120611" Time="160951">CalculateField faults_edited Feature "Fault" VB #</Process><Process ToolSource="C:\Program Files (x86)\ArcGIS\Desktop10.0\ArcToolbox\Toolboxes\Data Management Tools.tbx\CalculateField" Date="20120611" Time="161518">CalculateField faults_edited Feature "Fault" VB #</Process><Process ToolSource="C:\Program Files (x86)\ArcGIS\Desktop10.0\ArcToolbox\Toolboxes\Data Management Tools.tbx\CalculateField" Date="20120611" Time="161651">CalculateField faults_edited Feature "Buried Fault" VB #</Process><Process ToolSource="C:\Program Files (x86)\ArcGIS\Desktop10.0\ArcToolbox\Toolboxes\Data Management Tools.tbx\CalculateField" Date="20120611" Time="162256">CalculateField faults_edited Feature "Fault" VB #</Process><Process ToolSource="C:\Program Files (x86)\ArcGIS\Desktop10.0\ArcToolbox\Toolboxes\Data Management Tools.tbx\CalculateField" Date="20120611" Time="162959">CalculateField faults_edited Feature "Fault" VB #</Process><Process ToolSource="C:\Program Files (x86)\ArcGIS\Desktop10.0\ArcToolbox\Toolboxes\Data Management Tools.tbx\CalculateField" Date="20120611" Time="164017">CalculateField faults_edited Feature "Buried Fault" VB #</Process><Process ToolSource="C:\Program Files (x86)\ArcGIS\Desktop10.0\ArcToolbox\Toolboxes\Data Management Tools.tbx\CalculateField" Date="20120611" Time="164348">CalculateField faults_edited Feature "Fault" VB #</Process><Process ToolSource="C:\Program Files (x86)\ArcGIS\Desktop10.0\ArcToolbox\Toolboxes\Data Management Tools.tbx\CalculateField" Date="20120611" Time="164419">CalculateField faults_edited Feature "Fault" VB #</Process><Process ToolSource="C:\Program Files (x86)\ArcGIS\Desktop10.0\ArcToolbox\Toolboxes\Data Management Tools.tbx\CalculateField" Date="20120611" Time="164546">CalculateField faults_edited Feature "Buried Fault" VB #</Process><Process ToolSource="C:\Program Files (x86)\ArcGIS\Desktop10.0\ArcToolbox\Toolboxes\Data Management Tools.tbx\CalculateField" Date="20120611" Time="164709">CalculateField faults_edited Feature "Fault" VB #</Process><Process ToolSource="C:\Program Files (x86)\ArcGIS\Desktop10.0\ArcToolbox\Toolboxes\Data Management Tools.tbx\CalculateField" Date="20120612" Time="093728">CalculateField faults_edited Feature "Fault"
 VB #</Process><Process ToolSource="C:\Program Files (x86)\ArcGIS\Desktop10.0\ArcToolbox\Toolboxes\Data Management Tools.tbx\CalculateField" Date="20120612" Time="094443">CalculateField faults_edited Feature "Fault"
 VB #</Process><Process ToolSource="C:\Program Files (x86)\ArcGIS\Desktop10.0\ArcToolbox\Toolboxes\Data Management Tools.tbx\CalculateField" Date="20120612" Time="095449">CalculateField faults_edited Feature "Fault"
 VB #</Process><Process ToolSource="C:\Program Files (x86)\ArcGIS\Desktop10.0\ArcToolbox\Toolboxes\Data Management Tools.tbx\CalculateField" Date="20120612" Time="095737">CalculateField faults_edited Feature "Fault"
 VB #</Process><Process ToolSource="C:\Program Files (x86)\ArcGIS\Desktop10.0\ArcToolbox\Toolboxes\Data Management Tools.tbx\CalculateField" Date="20120612" Time="095746">CalculateField faults_edited Feature "Fault"
 VB #</Process><Process ToolSource="C:\Program Files (x86)\ArcGIS\Desktop10.0\ArcToolbox\Toolboxes\Data Management Tools.tbx\CalculateField" Date="20120612" Time="095824">CalculateField faults_edited Feature "Fault"
 VB #</Process><Process ToolSource="C:\Program Files (x86)\ArcGIS\Desktop10.0\ArcToolbox\Toolboxes\Data Management Tools.tbx\CalculateField" Date="20120612" Time="100015">CalculateField faults_edited Feature "Fault"
 VB #</Process><Process ToolSource="C:\Program Files (x86)\ArcGIS\Desktop10.0\ArcToolbox\Toolboxes\Data Management Tools.tbx\CalculateField" Date="20120612" Time="100042">CalculateField faults_edited Feature "Fault"
 VB #</Process><Process ToolSource="C:\Program Files (x86)\ArcGIS\Desktop10.0\ArcToolbox\Toolboxes\Data Management Tools.tbx\CalculateField" Date="20120612" Time="100613">CalculateField faults_edited Feature "Fault"
 VB #</Process><Process ToolSource="C:\Program Files (x86)\ArcGIS\Desktop10.0\ArcToolbox\Toolboxes\Data Management Tools.tbx\CalculateField" Date="20120612" Time="101241">CalculateField faults_edited Feature "Fault"
 VB #</Process><Process ToolSource="C:\Program Files (x86)\ArcGIS\Desktop10.0\ArcToolbox\Toolboxes\Data Management Tools.tbx\CalculateField" Date="20120612" Time="101353">CalculateField faults_edited Feature "Fault"
 VB #</Process><Process ToolSource="C:\Program Files (x86)\ArcGIS\Desktop10.0\ArcToolbox\Toolboxes\Data Management Tools.tbx\CalculateField" Date="20120612" Time="104439">CalculateField faults_edited Feature "Fault"
 VB #</Process><Process ToolSource="C:\Program Files (x86)\ArcGIS\Desktop10.0\ArcToolbox\Toolboxes\Data Management Tools.tbx\CalculateField" Date="20120612" Time="104829">CalculateField faults_edited Feature "Fault"
 VB #</Process><Process ToolSource="C:\Program Files (x86)\ArcGIS\Desktop10.0\ArcToolbox\Toolboxes\Data Management Tools.tbx\CalculateField" Date="20120612" Time="104929">CalculateField faults_edited Feature "Fault"
 VB #</Process><Process ToolSource="C:\Program Files (x86)\ArcGIS\Desktop10.0\ArcToolbox\Toolboxes\Data Management Tools.tbx\CalculateField" Date="20120612" Time="105131">CalculateField faults_edited Feature "Fault"
 VB #</Process><Process ToolSource="C:\Program Files (x86)\ArcGIS\Desktop10.0\ArcToolbox\Toolboxes\Data Management Tools.tbx\CalculateField" Date="20120612" Time="105202">CalculateField faults_edited Feature "Buried Fault"
 VB #</Process><Process ToolSource="C:\Program Files (x86)\ArcGIS\Desktop10.0\ArcToolbox\Toolboxes\Data Management Tools.tbx\CalculateField" Date="20120612" Time="110840">CalculateField faults_edited Feature "Fault"
 VB #</Process><Process ToolSource="C:\Program Files (x86)\ArcGIS\Desktop10.0\ArcToolbox\Toolboxes\Data Management Tools.tbx\CalculateField" Date="20120612" Time="111854">CalculateField faults_edited Feature "Fault"
 VB #</Process><Process ToolSource="C:\Program Files (x86)\ArcGIS\Desktop10.0\ArcToolbox\Toolboxes\Data Management Tools.tbx\CalculateField" Date="20120612" Time="111913">CalculateField faults_edited Feature "Buried Fault"
 VB #</Process><Process ToolSource="C:\Program Files (x86)\ArcGIS\Desktop10.0\ArcToolbox\Toolboxes\Data Management Tools.tbx\CalculateField" Date="20120612" Time="112354">CalculateField faults_edited Feature "Fault"
 VB #</Process><Process ToolSource="C:\Program Files (x86)\ArcGIS\Desktop10.0\ArcToolbox\Toolboxes\Data Management Tools.tbx\CalculateField" Date="20120612" Time="112431">CalculateField faults_edited Feature "Fault"
 VB #</Process><Process ToolSource="C:\Program Files (x86)\ArcGIS\Desktop10.0\ArcToolbox\Toolboxes\Data Management Tools.tbx\CalculateField" Date="20120612" Time="141604">CalculateField faults_edited Feature "Fault"
 VB #</Process><Process ToolSource="C:\Program Files (x86)\ArcGIS\Desktop10.0\ArcToolbox\Toolboxes\Data Management Tools.tbx\CalculateField" Date="20120612" Time="141616">CalculateField faults_edited Feature "Fault"
 VB #</Process><Process ToolSource="C:\Program Files (x86)\ArcGIS\Desktop10.0\ArcToolbox\Toolboxes\Data Management Tools.tbx\CalculateField" Date="20120612" Time="143726">CalculateField faults_edited Feature "Fault"
 VB #</Process><Process ToolSource="C:\Program Files (x86)\ArcGIS\Desktop10.0\ArcToolbox\Toolboxes\Data Management Tools.tbx\CalculateField" Date="20120612" Time="143843">CalculateField faults_edited Feature "Thrust Fault"
 VB #</Process><Process ToolSource="C:\Program Files (x86)\ArcGIS\Desktop10.0\ArcToolbox\Toolboxes\Data Management Tools.tbx\CalculateField" Date="20120612" Time="151055">CalculateField faults_edited Feature "Thrust Fault"
 VB #</Process><Process ToolSource="C:\Program Files (x86)\ArcGIS\Desktop10.0\ArcToolbox\Toolboxes\Data Management Tools.tbx\CalculateField" Date="20120612" Time="151213">CalculateField faults_edited Feature "Fault"
 VB #</Process><Process ToolSource="C:\Program Files (x86)\ArcGIS\Desktop10.0\ArcToolbox\Toolboxes\Data Management Tools.tbx\CalculateField" Date="20120612" Time="151752">CalculateField faults_edited Feature "Fault"
 VB #</Process><Process ToolSource="C:\Program Files (x86)\ArcGIS\Desktop10.0\ArcToolbox\Toolboxes\Data Management Tools.tbx\CalculateField" Date="20120612" Time="152134">CalculateField faults_edited Feature "Fault"
 VB #</Process><Process ToolSource="C:\Program Files (x86)\ArcGIS\Desktop10.0\ArcToolbox\Toolboxes\Data Management Tools.tbx\CalculateField" Date="20120612" Time="152501">CalculateField faults_edited Feature "Fault"
 VB #</Process><Process ToolSource="C:\Program Files (x86)\ArcGIS\Desktop10.0\ArcToolbox\Toolboxes\Data Management Tools.tbx\CalculateField" Date="20120612" Time="152821">CalculateField faults_edited Feature "Fault"
 VB #</Process><Process ToolSource="C:\Program Files (x86)\ArcGIS\Desktop10.0\ArcToolbox\Toolboxes\Data Management Tools.tbx\CalculateField" Date="20120612" Time="152850">CalculateField faults_edited Feature "Fault"
 VB #</Process><Process ToolSource="C:\Program Files (x86)\ArcGIS\Desktop10.0\ArcToolbox\Toolboxes\Data Management Tools.tbx\CalculateField" Date="20120612" Time="152929">CalculateField faults_edited Feature "Fault"
 VB #</Process><Process ToolSource="C:\Program Files (x86)\ArcGIS\Desktop10.0\ArcToolbox\Toolboxes\Data Management Tools.tbx\CalculateField" Date="20120612" Time="160209">CalculateField faults_edited Feature "Fault"
 VB #</Process><Process ToolSource="C:\Program Files (x86)\ArcGIS\Desktop10.0\ArcToolbox\Toolboxes\Data Management Tools.tbx\CalculateField" Date="20120612" Time="161025">CalculateField faults_edited Feature "Fault"
 VB #</Process><Process ToolSource="C:\Program Files (x86)\ArcGIS\Desktop10.0\ArcToolbox\Toolboxes\Data Management Tools.tbx\CalculateField" Date="20120612" Time="161238">CalculateField faults_edited Feature "Fault"
 VB #</Process><Process ToolSource="C:\Program Files (x86)\ArcGIS\Desktop10.0\ArcToolbox\Toolboxes\Data Management Tools.tbx\CalculateField" Date="20120612" Time="161611">CalculateField faults_edited Feature "Fault"
 VB #</Process><Process ToolSource="C:\Program Files (x86)\ArcGIS\Desktop10.0\ArcToolbox\Toolboxes\Data Management Tools.tbx\CalculateField" Date="20120613" Time="140427">CalculateField faults_edited Feature "Fault" VB #</Process><Process ToolSource="C:\Program Files (x86)\ArcGIS\Desktop10.0\ArcToolbox\Toolboxes\Data Management Tools.tbx\CalculateField" Date="20120613" Time="145034">CalculateField faults_edited Feature "Fault" VB #</Process><Process ToolSource="C:\Program Files (x86)\ArcGIS\Desktop10.0\ArcToolbox\Toolboxes\Data Management Tools.tbx\CalculateField" Date="20120613" Time="145456">CalculateField faults_edited Feature "Approximate Fault" VB #</Process><Process ToolSource="C:\Program Files (x86)\ArcGIS\Desktop10.0\ArcToolbox\Toolboxes\Data Management Tools.tbx\CalculateField" Date="20120613" Time="145955">CalculateField faults_edited Feature "Approximate Fault" VB #</Process><Process ToolSource="C:\Program Files (x86)\ArcGIS\Desktop10.0\ArcToolbox\Toolboxes\Data Management Tools.tbx\CalculateField" Date="20120613" Time="150058">CalculateField faults_edited Feature "Approximate Fault" VB #</Process><Process ToolSource="C:\Program Files (x86)\ArcGIS\Desktop10.0\ArcToolbox\Toolboxes\Data Management Tools.tbx\CalculateField" Date="20120613" Time="150119">CalculateField faults_edited Feature "Approximate Fault" VB #</Process><Process ToolSource="C:\Program Files (x86)\ArcGIS\Desktop10.0\ArcToolbox\Toolboxes\Data Management Tools.tbx\CalculateField" Date="20120613" Time="150348">CalculateField faults_edited Feature "Approximate Fault" VB #</Process><Process ToolSource="C:\Program Files (x86)\ArcGIS\Desktop10.0\ArcToolbox\Toolboxes\Data Management Tools.tbx\CalculateField" Date="20120613" Time="150540">CalculateField faults_edited Feature "Fault" VB #</Process><Process ToolSource="C:\Program Files (x86)\ArcGIS\Desktop10.0\ArcToolbox\Toolboxes\Data Management Tools.tbx\CalculateField" Date="20120613" Time="150620">CalculateField faults_edited Feature "Fault" VB #</Process><Process ToolSource="C:\Program Files (x86)\ArcGIS\Desktop10.0\ArcToolbox\Toolboxes\Data Management Tools.tbx\CalculateField" Date="20120613" Time="154626">CalculateField faults_edited Feature "Fault"
 VB #</Process><Process ToolSource="C:\Program Files (x86)\ArcGIS\Desktop10.0\ArcToolbox\Toolboxes\Data Management Tools.tbx\CalculateField" Date="20120613" Time="154646">CalculateField faults_edited Feature "Buried Fault"
 VB #</Process><Process ToolSource="C:\Program Files (x86)\ArcGIS\Desktop10.0\ArcToolbox\Toolboxes\Data Management Tools.tbx\CalculateField" Date="20120613" Time="154721">CalculateField faults_edited Feature "Buried Fault"
 VB #</Process><Process ToolSource="C:\Program Files (x86)\ArcGIS\Desktop10.0\ArcToolbox\Toolboxes\Data Management Tools.tbx\CalculateField" Date="20120613" Time="154753">CalculateField faults_edited Feature "Fault"
 VB #</Process><Process ToolSource="C:\Program Files (x86)\ArcGIS\Desktop10.0\ArcToolbox\Toolboxes\Data Management Tools.tbx\CalculateField" Date="20120613" Time="154841">CalculateField faults_edited Feature "Fault"
 VB #</Process><Process ToolSource="C:\Program Files (x86)\ArcGIS\Desktop10.0\ArcToolbox\Toolboxes\Data Management Tools.tbx\CalculateField" Date="20120613" Time="154920">CalculateField faults_edited Feature "Buried Fault"
 VB #</Process><Process ToolSource="C:\Program Files (x86)\ArcGIS\Desktop10.0\ArcToolbox\Toolboxes\Data Management Tools.tbx\CalculateField" Date="20120613" Time="155153">CalculateField faults_edited Feature "Buried Fault"
 VB #</Process><Process ToolSource="C:\Program Files (x86)\ArcGIS\Desktop10.0\ArcToolbox\Toolboxes\Data Management Tools.tbx\CalculateField" Date="20120613" Time="155217">CalculateField faults_edited Feature "Fault"
 VB #</Process><Process ToolSource="C:\Program Files (x86)\ArcGIS\Desktop10.0\ArcToolbox\Toolboxes\Data Management Tools.tbx\CalculateField" Date="20120613" Time="155955">CalculateField faults_edited Feature "Fault"
 VB #</Process><Process ToolSource="C:\Program Files (x86)\ArcGIS\Desktop10.0\ArcToolbox\Toolboxes\Data Management Tools.tbx\CalculateField" Date="20120613" Time="160010">CalculateField faults_edited Feature "Fault"
 VB #</Process><Process ToolSource="C:\Program Files (x86)\ArcGIS\Desktop10.0\ArcToolbox\Toolboxes\Data Management Tools.tbx\CalculateField" Date="20120613" Time="160025">CalculateField faults_edited Feature "Fault"
 VB #</Process><Process ToolSource="C:\Program Files (x86)\ArcGIS\Desktop10.0\ArcToolbox\Toolboxes\Data Management Tools.tbx\CalculateField" Date="20120613" Time="160130">CalculateField faults_edited Feature "Fault"
 VB #</Process><Process ToolSource="C:\Program Files (x86)\ArcGIS\Desktop10.0\ArcToolbox\Toolboxes\Data Management Tools.tbx\CalculateField" Date="20120613" Time="160238">CalculateField faults_edited Feature "Fault"
 VB #</Process><Process ToolSource="C:\Program Files (x86)\ArcGIS\Desktop10.0\ArcToolbox\Toolboxes\Data Management Tools.tbx\CalculateField" Date="20120613" Time="160303">CalculateField faults_edited Feature "Buried Fault"
 VB #</Process><Process ToolSource="C:\Program Files (x86)\ArcGIS\Desktop10.0\ArcToolbox\Toolboxes\Data Management Tools.tbx\CalculateField" Date="20120613" Time="160404">CalculateField faults_edited Feature "Fault"
 VB #</Process><Process ToolSource="C:\Program Files (x86)\ArcGIS\Desktop10.0\ArcToolbox\Toolboxes\Data Management Tools.tbx\CalculateField" Date="20120613" Time="160511">CalculateField faults_edited Feature "Fault"
 VB #</Process><Process ToolSource="C:\Program Files (x86)\ArcGIS\Desktop10.0\ArcToolbox\Toolboxes\Data Management Tools.tbx\CalculateField" Date="20120613" Time="160531">CalculateField faults_edited Feature "Buried Fault"
 VB #</Process><Process ToolSource="C:\Program Files (x86)\ArcGIS\Desktop10.0\ArcToolbox\Toolboxes\Data Management Tools.tbx\CalculateField" Date="20120613" Time="160555">CalculateField faults_edited Feature "Buried Fault"
 VB #</Process><Process ToolSource="C:\Program Files (x86)\ArcGIS\Desktop10.0\ArcToolbox\Toolboxes\Data Management Tools.tbx\CalculateField" Date="20120613" Time="160617">CalculateField faults_edited Feature "Buried Fault"
 VB #</Process><Process ToolSource="C:\Program Files (x86)\ArcGIS\Desktop10.0\ArcToolbox\Toolboxes\Data Management Tools.tbx\CalculateField" Date="20120613" Time="160637">CalculateField faults_edited Feature "Buried Fault"
 VB #</Process><Process ToolSource="C:\Program Files (x86)\ArcGIS\Desktop10.0\ArcToolbox\Toolboxes\Data Management Tools.tbx\CalculateField" Date="20120613" Time="160659">CalculateField faults_edited Feature "Fault"
 VB #</Process><Process ToolSource="C:\Program Files (x86)\ArcGIS\Desktop10.0\ArcToolbox\Toolboxes\Data Management Tools.tbx\CalculateField" Date="20120613" Time="160751">CalculateField faults_edited Feature "Buried Fault"
 VB #</Process><Process ToolSource="C:\Program Files (x86)\ArcGIS\Desktop10.0\ArcToolbox\Toolboxes\Data Management Tools.tbx\CalculateField" Date="20120613" Time="161609">CalculateField faults_edited Feature "Fault"
 VB #</Process><Process ToolSource="C:\Program Files (x86)\ArcGIS\Desktop10.0\ArcToolbox\Toolboxes\Data Management Tools.tbx\CalculateField" Date="20120613" Time="161629">CalculateField faults_edited Feature "Fault"
 VB #</Process><Process ToolSource="C:\Program Files (x86)\ArcGIS\Desktop10.0\ArcToolbox\Toolboxes\Data Management Tools.tbx\CalculateField" Date="20120613" Time="161647">CalculateField faults_edited Feature "Fault"
 VB #</Process><Process ToolSource="C:\Program Files (x86)\ArcGIS\Desktop10.0\ArcToolbox\Toolboxes\Data Management Tools.tbx\CalculateField" Date="20120613" Time="161710">CalculateField faults_edited Feature "Buried Fault"
 VB #</Process><Process ToolSource="C:\Program Files (x86)\ArcGIS\Desktop10.0\ArcToolbox\Toolboxes\Data Management Tools.tbx\CalculateField" Date="20120613" Time="161719">CalculateField faults_edited Feature "Buried Fault"
 VB #</Process><Process ToolSource="C:\Program Files (x86)\ArcGIS\Desktop10.0\ArcToolbox\Toolboxes\Data Management Tools.tbx\CalculateField" Date="20120613" Time="161751">CalculateField faults_edited Feature "Fault"
 VB #</Process><Process ToolSource="C:\Program Files (x86)\ArcGIS\Desktop10.0\ArcToolbox\Toolboxes\Data Management Tools.tbx\CalculateField" Date="20120613" Time="161847">CalculateField faults_edited Feature "Fault"
 VB #</Process><Process ToolSource="C:\Program Files (x86)\ArcGIS\Desktop10.0\ArcToolbox\Toolboxes\Data Management Tools.tbx\CalculateField" Date="20120613" Time="161910">CalculateField faults_edited Feature "Fault"
 VB #</Process><Process ToolSource="C:\Program Files (x86)\ArcGIS\Desktop10.0\ArcToolbox\Toolboxes\Data Management Tools.tbx\CalculateField" Date="20120614" Time="101453">CalculateField faults_edited Feature "Fault" VB #</Process><Process ToolSource="C:\Program Files (x86)\ArcGIS\Desktop10.0\ArcToolbox\Toolboxes\Data Management Tools.tbx\CalculateField" Date="20120614" Time="131955">CalculateField faults_edited Feature "Fault" VB #</Process><Process ToolSource="C:\Program Files (x86)\ArcGIS\Desktop10.0\ArcToolbox\Toolboxes\Data Management Tools.tbx\CalculateField" Date="20120614" Time="162810">CalculateField faults_edited Feature "Fault"
 VB #</Process><Process ToolSource="C:\Program Files (x86)\ArcGIS\Desktop10.0\ArcToolbox\Toolboxes\Data Management Tools.tbx\CalculateField" Date="20120614" Time="162909">CalculateField faults_edited Feature "Thrust Fault"
 VB #</Process><Process ToolSource="C:\Program Files (x86)\ArcGIS\Desktop10.0\ArcToolbox\Toolboxes\Data Management Tools.tbx\CalculateField" Date="20120614" Time="164701">CalculateField faults_edited Feature "Thrust or Reverse Fault" VB #</Process><Process ToolSource="C:\Program Files (x86)\ArcGIS\Desktop10.0\ArcToolbox\Toolboxes\Data Management Tools.tbx\CalculateField" Date="20120615" Time="110231">CalculateField faults_edited Feature "Volcanic Vent Features" VB #</Process><Process ToolSource="C:\Program Files (x86)\ArcGIS\Desktop10.0\ArcToolbox\Toolboxes\Data Management Tools.tbx\CalculateField" Date="20120615" Time="111027">CalculateField faults_edited Feature "Volcanic Vent Features" VB #</Process><Process ToolSource="C:\Program Files (x86)\ArcGIS\Desktop10.0\ArcToolbox\Toolboxes\Data Management Tools.tbx\CalculateField" Date="20120615" Time="111138">CalculateField faults_edited Feature "Volcanic Vent Features" VB #</Process><Process ToolSource="C:\Program Files (x86)\ArcGIS\Desktop10.0\ArcToolbox\Toolboxes\Data Management Tools.tbx\CalculateField" Date="20120615" Time="143441">CalculateField faults_edited Feature "Thrust Fault" VB #</Process><Process ToolSource="C:\Program Files (x86)\ArcGIS\Desktop10.0\ArcToolbox\Toolboxes\Data Management Tools.tbx\CalculateField" Date="20120615" Time="143455">CalculateField faults_edited Feature "Thrust Fault" VB #</Process><Process ToolSource="C:\Program Files (x86)\ArcGIS\Desktop10.0\ArcToolbox\Toolboxes\Data Management Tools.tbx\CalculateField" Date="20120615" Time="143627">CalculateField faults_edited Feature "Thrust or Reverse Fault" VB #</Process><Process ToolSource="C:\Program Files (x86)\ArcGIS\Desktop10.0\ArcToolbox\Toolboxes\Data Management Tools.tbx\CalculateField" Date="20120615" Time="143720">CalculateField faults_edited Feature "Anticline" VB #</Process><Process ToolSource="C:\Program Files (x86)\ArcGIS\Desktop10.0\ArcToolbox\Toolboxes\Data Management Tools.tbx\CalculateField" Date="20120717" Time="111441">CalculateField faults_edited Feature "Thrust or Reverse Fault" VB #</Process><Process ToolSource="c:\program files (x86)\arcgis\desktop10.0\ArcToolbox\Toolboxes\Data Management Tools.tbx\CopyFeatures" Date="20121204" Time="121425">CopyFeatures I:\lrgwuo-epa\Data\gis\faults_edited.shp I:\lrgwuo-epa\Data\gis\LRGWUO.mdb\faults_edited # 0 0 0</Process><Process ToolSource="c:\arcgis\desktop10.0\ArcToolbox\Toolboxes\Data Management Tools.tbx\CopyFeatures" Date="20130227" Time="152130">CopyFeatures E:\workspace\gis\Hawley_LRGWUO\GIS\Data\gis\LRGWUO.mdb\faults_edited "Y:\Lauren Breitner\Breitner_Contour_GIS\mesilla_basin_contour.gdb\faults_edited" # 0 0 0</Process><Process ToolSource="C:\ArcGIS\Desktop10.0\ArcToolbox\Toolboxes\Data Management Tools.tbx\CalculateField" Date="20130604" Time="125352">CalculateField faults_edited label 0 VB #</Process><Process ToolSource="C:\ArcGIS\Desktop10.0\ArcToolbox\Toolboxes\Data Management Tools.tbx\CalculateField" Date="20130604" Time="125409">CalculateField faults_edited label 1 VB #</Process><Process ToolSource="C:\ArcGIS\Desktop10.0\ArcToolbox\Toolboxes\Data Management Tools.tbx\CalculateField" Date="20130604" Time="125424">CalculateField faults_edited label 2 VB #</Process><Process ToolSource="C:\ArcGIS\Desktop10.0\ArcToolbox\Toolboxes\Data Management Tools.tbx\CalculateField" Date="20130604" Time="125440">CalculateField faults_edited label 3 VB #</Process><Process ToolSource="C:\ArcGIS\Desktop10.0\ArcToolbox\Toolboxes\Data Management Tools.tbx\CalculateField" Date="20130604" Time="125458">CalculateField faults_edited label 1 VB #</Process><Process ToolSource="C:\ArcGIS\Desktop10.0\ArcToolbox\Toolboxes\Data Management Tools.tbx\CalculateField" Date="20130604" Time="125524">CalculateField faults_edited label 5 VB #</Process><Process ToolSource="c:\arcgis\desktop10.2\ArcToolbox\Toolboxes\Data Management Tools.tbx\CalculateField" Date="20150924" Time="162541">CalculateField HFM_faults Cuts_MSF YES VB #</Process><Process ToolSource="c:\arcgis\desktop10.2\ArcToolbox\Toolboxes\Data Management Tools.tbx\CalculateField" Date="20150924" Time="162555">CalculateField HFM_faults Cuts_MSF 1 VB #</Process><Process ToolSource="c:\arcgis\desktop10.2\ArcToolbox\Toolboxes\Data Management Tools.tbx\CalculateField" Date="20150924" Time="162622">CalculateField HFM_faults Cuts_LSF 1 VB #</Process><Process ToolSource="c:\arcgis\desktop10.2\ArcToolbox\Toolboxes\Data Management Tools.tbx\CalculateField" Date="20150924" Time="162629">CalculateField HFM_faults Cuts_preSF 1 VB #</Process><Process ToolSource="c:\arcgis\desktop10.2\ArcToolbox\Toolboxes\Data Management Tools.tbx\CalculateField" Date="20150925" Time="082244">CalculateField HFM_faults Cuts_USF 1 VB #</Process><Process ToolSource="c:\arcgis\desktop10.2\ArcToolbox\Toolboxes\Data Management Tools.tbx\CalculateField" Date="20150925" Time="082250">CalculateField HFM_faults Cuts_MSF 1 VB #</Process><Process ToolSource="c:\arcgis\desktop10.2\ArcToolbox\Toolboxes\Data Management Tools.tbx\CalculateField" Date="20150925" Time="082256">CalculateField HFM_faults Cuts_LSF 1 VB #</Process><Process ToolSource="c:\arcgis\desktop10.2\ArcToolbox\Toolboxes\Data Management Tools.tbx\CalculateField" Date="20150925" Time="082301">CalculateField HFM_faults Cuts_preSF 1 VB #</Process><Process ToolSource="c:\arcgis\desktop10.2\ArcToolbox\Toolboxes\Data Management Tools.tbx\CalculateField" Date="20150925" Time="084236">CalculateField HFM_faults Cuts_USF 1 VB #</Process><Process ToolSource="c:\arcgis\desktop10.2\ArcToolbox\Toolboxes\Data Management Tools.tbx\CalculateField" Date="20150925" Time="084240">CalculateField HFM_faults Cuts_MSF 1 VB #</Process><Process ToolSource="c:\arcgis\desktop10.2\ArcToolbox\Toolboxes\Data Management Tools.tbx\CalculateField" Date="20150925" Time="084245">CalculateField HFM_faults Cuts_LSF 1 VB #</Process><Process ToolSource="c:\arcgis\desktop10.2\ArcToolbox\Toolboxes\Data Management Tools.tbx\CalculateField" Date="20150925" Time="084249">CalculateField HFM_faults Cuts_preSF 1 VB #</Process><Process ToolSource="c:\arcgis\desktop10.2\ArcToolbox\Toolboxes\Data Management Tools.tbx\CalculateField" Date="20150925" Time="085648">CalculateField HFM_faults Cuts_USF 1 VB #</Process><Process ToolSource="c:\arcgis\desktop10.2\ArcToolbox\Toolboxes\Data Management Tools.tbx\CalculateField" Date="20150925" Time="085652">CalculateField HFM_faults Cuts_MSF 1 VB #</Process><Process ToolSource="c:\arcgis\desktop10.2\ArcToolbox\Toolboxes\Data Management Tools.tbx\CalculateField" Date="20150925" Time="085655">CalculateField HFM_faults Cuts_LSF 1 VB #</Process><Process ToolSource="c:\arcgis\desktop10.2\ArcToolbox\Toolboxes\Data Management Tools.tbx\CalculateField" Date="20150925" Time="085658">CalculateField HFM_faults Cuts_preSF 1 VB #</Process><Process ToolSource="c:\arcgis\desktop10.2\ArcToolbox\Toolboxes\Data Management Tools.tbx\CalculateField" Date="20160114" Time="122425">CalculateField HFM_faults_1 Recency "USF" VB #</Process><Process ToolSource="c:\arcgis\desktop10.2\ArcToolbox\Toolboxes\Data Management Tools.tbx\CalculateField" Date="20160114" Time="122622">CalculateField HFM_faults_1 Recency "LSF" VB #</Process><Process ToolSource="c:\arcgis\desktop10.2\ArcToolbox\Toolboxes\Data Management Tools.tbx\CalculateField" Date="20160114" Time="122649">CalculateField HFM_faults_1 Recency "MSF" VB #</Process></lineage><itemProps><itemName Sync="TRUE">RGTIHM_3DHFM_faults</itemName><itemLocation><linkage Sync="TRUE">file://\\IGSWNVWWLT1764\D$\DDATA\Mesilla\GFM\RGTIHM_3DHFM_working\RGTIHM_3DHFM.gdb</linkage><protocol Sync="TRUE">Local Area Network</protocol></itemLocation><imsContentType Sync="TRUE">002</imsContentType><nativeExtBox><westBL Sync="TRUE">262109.209200</westBL><eastBL Sync="TRUE">365900.140200</eastBL><southBL Sync="TRUE">3482127.418900</southBL><northBL Sync="TRUE">3653544.154000</northBL><exTypeCode Sync="TRUE">1</exTypeCode></nativeExtBox></itemProps><coordRef><type Sync="TRUE">Projected</type><geogcsn Sync="TRUE">GCS_North_American_1983</geogcsn><csUnits Sync="TRUE">Linear Unit: Meter (1.000000)</csUnits><projcsn Sync="TRUE">NAD_1983_UTM_Zone_13N</projcsn><peXml Sync="TRUE">&lt;ProjectedCoordinateSystem xsi:type='typens:ProjectedCoordinateSystem' xmlns:xsi='http://www.w3.org/2001/XMLSchema-instance' xmlns:xs='http://www.w3.org/2001/XMLSchema' xmlns:typens='http://www.esri.com/schemas/ArcGIS/10.3'&gt;&lt;WKT&gt;PROJCS[&amp;quot;NAD_1983_UTM_Zone_13N&amp;quot;,GEOGCS[&amp;quot;GCS_North_American_1983&amp;quot;,DATUM[&amp;quot;D_North_American_1983&amp;quot;,SPHEROID[&amp;quot;GRS_1980&amp;quot;,6378137.0,298.257222101]],PRIMEM[&amp;quot;Greenwich&amp;quot;,0.0],UNIT[&amp;quot;Degree&amp;quot;,0.0174532925199433]],PROJECTION[&amp;quot;Transverse_Mercator&amp;quot;],PARAMETER[&amp;quot;False_Easting&amp;quot;,500000.0],PARAMETER[&amp;quot;False_Northing&amp;quot;,0.0],PARAMETER[&amp;quot;Central_Meridian&amp;quot;,-105.0],PARAMETER[&amp;quot;Scale_Factor&amp;quot;,0.9996],PARAMETER[&amp;quot;Latitude_Of_Origin&amp;quot;,0.0],UNIT[&amp;quot;Meter&amp;quot;,1.0],AUTHORITY[&amp;quot;EPSG&amp;quot;,26913]]&lt;/WKT&gt;&lt;XOrigin&gt;-5120900&lt;/XOrigin&gt;&lt;YOrigin&gt;-9998100&lt;/YOrigin&gt;&lt;XYScale&gt;10000&lt;/XYScale&gt;&lt;ZOrigin&gt;-100000&lt;/ZOrigin&gt;&lt;ZScale&gt;10000&lt;/ZScale&gt;&lt;MOrigin&gt;-100000&lt;/MOrigin&gt;&lt;MScale&gt;10000&lt;/MScale&gt;&lt;XYTolerance&gt;0.001&lt;/XYTolerance&gt;&lt;ZTolerance&gt;0.001&lt;/ZTolerance&gt;&lt;MTolerance&gt;0.001&lt;/MTolerance&gt;&lt;HighPrecision&gt;true&lt;/HighPrecision&gt;&lt;WKID&gt;26913&lt;/WKID&gt;&lt;LatestWKID&gt;26913&lt;/LatestWKID&gt;&lt;/ProjectedCoordinateSystem&gt;</peXml></coordRef></DataProperties><ArcGISstyle>FGDC CSDGM Metadata</ArcGISstyle></Esri><mdLang><languageCode value="eng"/><countryCode value="USA" Sync="TRUE"></countryCode></mdLang><mdChar><CharSetCd value="004"/></mdChar><mdHrLv><ScopeCd value="005"/></mdHrLv><mdContact><rpIndName>Donald S. Sweetkind</rpIndName><rpOrgName>U.S. Geological Survey</rpOrgName><rpPosName>Research Geologist</rpPosName><rpCntInfo><cntPhone><voiceNum>1-303-236-1828</voiceNum></cntPhone><cntAddress addressType="both"><delPoint>PO Box 25046, Denver Federal Center, Mailstop 980</delPoint><city>Lakewood</city><adminArea>CO</adminArea><postCode>80225</postCode><country>US</country><eMailAdd>dsweetkind@usgs.gov</eMailAdd></cntAddress></rpCntInfo><role><RoleCd value="007"/></role></mdContact><mdDateSt Sync="TRUE">20161222</mdDateSt><mdStanName>ArcGIS Metadata</mdStanName><mdStanVer>1.0</mdStanVer><distInfo><distributor><distorCont><rpOrgName>U.S. Geological Survey - ScienceBase</rpOrgName><rpCntInfo><cntPhone><voiceNum>1-888-275-8747</voiceNum></cntPhone><cntAddress addressType="both"><delPoint>Denver Federal Center, Building 810, Mail Stop 302</delPoint><city>Denver</city><adminArea>CO</adminArea><postCode>80225</postCode><country>US</country><eMailAdd>sciencebase@usgs.gov</eMailAdd></cntAddress></rpCntInfo><role><RoleCd value="005"/></role></distorCont><distorOrdPrc><resFees>None. This dataset is provided by USGS as a public service.</resFees></distorOrdPrc><distorFormat><formatName>WinZipped file geodatabase and WinZipped ESRI shapefile</formatName><formatVer>10.3</formatVer><formatSpec>ESRI 10.3 file geodatabase or ESRI shapefile. Note some information such as field names and relationship classes may be altered or removed from the source data during conversion to ESRI shapefile format.</formatSpec><formatInfo>Spatial and attribute information</formatInfo></distorFormat><distorTran><onLineSrc><linkage>https://dx.doi.org/xx.xxxx/xxxx</linkage></onLineSrc></distorTran></distributor><distTranOps><onLineSrc><linkage>https://dx.doi.org/xx.xxxx/xxxx</linkage></onLineSrc></distTranOps><distFormat><formatName Sync="TRUE">File Geodatabase Feature Class</formatName></distFormat></distInfo><dataIdInfo><idCitation><resTitle Sync="TRUE">RGTIHM_3DHFM_faults</resTitle><date><pubDate>2017-01-01</pubDate></date><citRespParty><rpOrgName>Donald S. Sweetkind, U.S. Geological Survey</rpOrgName><role><RoleCd value="006"/></role></citRespParty><presForm><PresFormCd value="005"/></presForm><presForm><fgdcGeoform>vector digital data</fgdcGeoform></presForm><collTitle>Construction of 3-D Geologic Framework for the Rio Grande Transboundary region of New Mexico, Texas, USA and Northern Chihuahua, Mexico</collTitle></idCitation><idAbs>This line vector dataset represents the faults used in the three-dimensional hydrogeologic framework model for the Rio Grande Transboundary region of New Mexico, Texas, USA and Northern Chihuahua, Mexico. Lines represent faults that were explicitly used in gridding hydrostratigraphic unit top elevations and thicknesses. The effect of faults shows up as abrupt changes in elevation or thickness of a hydrostratigraphic unit within the model grid.</idAbs><idPurp>This dataset was created as part of a U.S. Geological Survey study, done in cooperation with the U.S. Bureau of Reclamation, to be used as the digital hydrogeologic input data for numerical simulation of the groundwater system of the Rio Grande transboundary region of New Mexico, Texas, USA and Northern Chihuahua, Mexico. The intended uses of this data set include, but are not limited to, natural resource modeling, mapping, and visualization applications.</idPurp><idCredit>Compilation of this data set and the associated metadata was done in cooperation with the U.S. Bureau of Reclamation. Technical review of this data set was done by XXX of XXX.)</idCredit><idStatus><ProgCd value="001"/></idStatus><idPoC><rpOrgName>U.S. Geological Survey Geosciences and Environmental Change Science Center</rpOrgName><rpPosName>Public Information</rpPosName><rpCntInfo><cntPhone><voiceNum>(303) 236-5345</voiceNum></cntPhone><cntAddress addressType="both"><delPoint>PO Box 25046, Denver Federal Center, Mailstop 980</delPoint><city>Lakewood</city><adminArea>CO</adminArea><postCode>80225</postCode><country>US</country><eMailAdd>rmgsc_apps@usgs.gov</eMailAdd></cntAddress></rpCntInfo><role><RoleCd value="007"/></role></idPoC><resMaint><maintFreq><MaintFreqCd value="011"/></maintFreq></resMaint><placeKeys><keyword>Chihuahua, Mexico</keyword><keyword>Rio Grande River</keyword><keyword>Texas</keyword><keyword>Las Cruces</keyword><keyword>New Mexico</keyword><keyword>Elephant Butte Reservoir</keyword><keyword>Caballo Reservoir</keyword><keyword>El Paso</keyword><keyword>Cuidad Juarez</keyword><thesaName><resTitle>Geographic Names Information System</resTitle></thesaName></placeKeys><themeKeys><keyword>geoscientificInformation</keyword><keyword>elevation</keyword><keyword>inlandWaters</keyword><thesaName><resTitle>ISO 19115 Topic Category</resTitle></thesaName></themeKeys><themeKeys><keyword>geology</keyword><keyword>three-dimensional hydrogeologic framework model</keyword><keyword>hydrogeology</keyword><keyword>faults</keyword><keyword>groundwater system</keyword><keyword>hydrology</keyword><keyword>hydrostratigraphy</keyword><keyword>geologic framework</keyword><keyword>transboundary</keyword><thesaName><resTitle>Standard thesaurus</resTitle></thesaName></themeKeys><searchKeys><keyword>Chihuahua, Mexico</keyword><keyword>geology</keyword><keyword>three-dimensional hydrogeologic framework model</keyword><keyword>hydrogeology</keyword><keyword>Rio Grande River</keyword><keyword>faults</keyword><keyword>Texas</keyword><keyword>Las Cruces</keyword><keyword>New Mexico</keyword><keyword>geoscientificInformation</keyword><keyword>groundwater system</keyword><keyword>hydrology</keyword><keyword>elevation</keyword><keyword>inlandWaters</keyword><keyword>hydrostratigraphy</keyword><keyword>Elephant Butte Reservoir</keyword><keyword>geologic framework</keyword><keyword>transboundary</keyword><keyword>Caballo Reservoir</keyword><keyword>El Paso</keyword><keyword>Cuidad Juarez</keyword></searchKeys><resConst><LegConsts><useLimit>This database, identified as xxxx, has been approved for release by the U.S. Geological Survey (USGS). Although this database has been subjected to rigorous review and is substantially complete, the USGS reserves the right to revise the data pursuant to further analysis and review. Furthermore, the database is released on condition that neither the USGS nor the U.S. Government shall be held liable for any damages resulting from its authorized or unauthorized use. Any use of trade, firm, or product names is for descriptive purposes only and does not imply endorsement by the U.S. Government.</useLimit></LegConsts></resConst><resConst><Consts><useLimit>Acknowledgement of the U.S. Geological Survey and U.S. Bureau of Reclamation would be appreciated in products derived from these data. Users are advised to read the metadata thoroughly to understand appropriate use and data limitations. Although this Federal Geographic Data Committee (FGDC) compliant metadata file is intended to document the data set in nonproprietary form, this metadata file may include some ArcGIS-specific terminology. These data are not intended to be used as a survey product and are for reference only.</useLimit></Consts></resConst><aggrInfo><aggrDSName><resTitle>Construction of 3-D Geologic Framework for the Rio Grande Transboundary region of New Mexico, Texas, USA and Northern Chihuahua, Mexico</resTitle><date><pubDate>2017-01-01</pubDate></date><citRespParty><rpOrgName>Donald S. Sweetkind, Andre B. Ritchie, U.S. Geological Survey and John W. Hawley, HAWLEY GEOMATTERS</rpOrgName><role><RoleCd value="006"/></role></citRespParty><presForm><fgdcGeoform>online document</fgdcGeoform></presForm><datasetSeries><seriesName>U.S. Geological Survey Scientific Investigations Report</seriesName><issId>2017-xxxx</issId></datasetSeries><citOnlineRes><linkage>https://dx.doi.org/xx.xxxx/xxxx</linkage></citOnlineRes></aggrDSName><assocType><AscTypeCd value="002"/></assocType></aggrInfo><dataLang><languageCode value="eng"/><countryCode value="USA" Sync="TRUE"></countryCode></dataLang><tpCat><TopicCatCd value="006"/></tpCat><tpCat><TopicCatCd value="008"/></tpCat><tpCat><TopicCatCd value="012"/></tpCat><envirDesc Sync="TRUE">Microsoft Windows 7 Version 6.1 (Build 7601) Service Pack 1; Esri ArcGIS 10.3.1.4959</envirDesc><dataExt><exDesc>publication date</exDesc><tempEle><TempExtent><exTemp><TM_Instant><tmPosition>2017-01-01</tmPosition></TM_Instant></exTemp></TempExtent></tempEle><geoEle/></dataExt><suppInfo>References Cited within this metadata document: Figuers, S.H., 1987, Structural geology and geophysics of the Pipeline Complex, northern Franklin Mountains, El Paso, Texas: Ph.D. dissertation, University of Texas at El Paso, 279 p. Khatun, Salma, 2003, A precision gravity study of the Southern Mesilla bolson, West Texas: M.S. thesis, University of Texas at El Paso, ETD Collection for University of Texas, El Paso, Paper AAIEP10570, http://digitalcommons.utep.edu/dissertations/AAIEP10570 Hawley, J.W., and Kennedy, J.F., 2004, Creation of a digital hydrogeologic framework model of the Mesilla Basin and southern Jornada del Muerto Basin (Report prepared for Lower Rio Grande Water Users Organization): New Mexico Water Resources Research Institute, Technical Completion Report 332, 105 p., with CD ROM including 2005 Addendum extending model into Rincon Valley and adjacent areas. http://wrri.nmsu.edu/publish/ Imana, E.M.C., 2002, The Mesilla Bolson—An integrated geophysical, hydrological, and structural analysis using free air anomalies: Ph.D. dissertation, University of Texas at El Paso, 170 p. Hawley, J.W., Kennedy, J. F., Granados-Olivas, A., and Ortiz, M.A., 2009, Hydrogeologic framework of the binational western Hueco Bolson-Paso del Norte area, Texas, New Mexico, and Chihuahua: Overview and progress report on digital model development: N. M. Water Resources Research Institute, New Mexico State University, Technical Completion Report 349, 45 p., with 2 plates on CD ROM. ftp://wrri.nmsu.edu/pub/hueco Khatun, S., Doser, D.I. Imana, E.C., and Keller, G.R., 2007, Locating faults in the southern Mesilla Bolson, west Texas and southern New Mexico, using 3-D modeling of precision gravity data: Journal of Environmental and Engineering Geophysics, v. 12, issue 2, p. 149-161. Servicio Geologico Mexico, 2010. Hydrogeological Activities in the Conejos-Medanos/Mesilla Basin Aquifer, Chihuahua, Phase I, 111 p. U.S. Geological Survey and New Mexico Bureau of Mines and Mineral Resources, 2006, Quaternary fault and fold database for the United States: U.S. Geological Survey, accessed June 12, 2015, http://earthquake.usgs.gov/hazards/qfaults/</suppInfo><spatRpType><SpatRepTypCd value="001" Sync="TRUE"></SpatRepTypCd></spatRpType><dataExt><geoEle><GeoBndBox esriExtentType="search"><exTypeCode Sync="TRUE">1</exTypeCode><westBL Sync="TRUE">-107.546074</westBL><eastBL Sync="TRUE">-106.411534</eastBL><northBL Sync="TRUE">33.012103</northBL><southBL Sync="TRUE">31.449458</southBL></GeoBndBox></geoEle></dataExt></dataIdInfo><dqInfo><dqScope><scpLvl><ScopeCd value="005"/></scpLvl></dqScope><report type="DQTopConsis"><evalMethDesc>The logical consistency topologically is clean. Chain-node topology is present.</evalMethDesc></report><report type="DQConcConsis"><measDesc>The logical consistency topologically is clean. Chain-node topology is present.</measDesc></report><report type="DQCompOm"><measDesc>Dataset is considered complete for the information presented, as described in the abstract. Users are advised to read the rest of the metadata record carefully for additional details.</measDesc></report><report type="DQQuanAttAcc"><measDesc>No formal attribute accuracy tests were conducted. Verification was done by interactive on-screen review. Frequency tests were performed on all feature class attributes to check that no features were unlabeled, misspelled, or inconsistent.</measDesc></report><report type="DQAbsExtPosAcc" dimension="horizontal"><measDesc>A formal accuracy assessment of the horizontal positional information in the dataset has not been conducted.</measDesc></report><report type="DQAbsExtPosAcc" dimension="vertical"><measDesc>A formal accuracy assessment of the vertical positional information in the dataset has not been conducted.</measDesc></report><dataLineage><prcStep><stepDesc>A GIS was used to merge and edit vector line datasets from various published sources.</stepDesc><stepDateTm>2016-01-01</stepDateTm><stepSrc type="used"><srcCitatn><resAltTitle>Servicio Geologico Mexico, 2010</resAltTitle></srcCitatn></stepSrc><stepSrc type="used"><srcCitatn><resAltTitle>Khatun and others, 2007</resAltTitle></srcCitatn></stepSrc><stepSrc type="used"><srcCitatn><resAltTitle>Khatun, 2003</resAltTitle></srcCitatn></stepSrc><stepSrc type="used"><srcCitatn><resAltTitle>Figuers, 1987</resAltTitle></srcCitatn></stepSrc><stepSrc type="used"><srcCitatn><resAltTitle>Hawley and others, 2009</resAltTitle></srcCitatn></stepSrc><stepSrc type="used"><srcCitatn><resAltTitle>Imana, 2002</resAltTitle></srcCitatn></stepSrc><stepSrc type="used"><srcCitatn><resAltTitle>Hawley and Kennedy, 2004</resAltTitle></srcCitatn></stepSrc></prcStep><prcStep><stepDesc>A GIS was used to create attributes consistent with published sources for fault names and recency.</stepDesc><stepDateTm>2016-01-01</stepDateTm><stepSrc type="used"><srcCitatn><resAltTitle>Servicio Geologico Mexico, 2010</resAltTitle></srcCitatn></stepSrc><stepSrc type="used"><srcCitatn><resAltTitle>Hawley and others, 2009</resAltTitle></srcCitatn></stepSrc><stepSrc type="used"><srcCitatn><resAltTitle>Khatun, 2003</resAltTitle></srcCitatn></stepSrc><stepSrc type="used"><srcCitatn><resAltTitle>Khatun and others, 2007</resAltTitle></srcCitatn></stepSrc><stepSrc type="used"><srcCitatn><resAltTitle>Figuers, 1987</resAltTitle></srcCitatn></stepSrc><stepSrc type="used"><srcCitatn><resAltTitle>Imana, 2002</resAltTitle></srcCitatn></stepSrc><stepSrc type="used"><srcCitatn><resAltTitle>Quaternary fault and fold database of the United States</resAltTitle></srcCitatn></stepSrc><stepSrc type="used"><srcCitatn><resAltTitle>Hawley and Kennedy, 2004</resAltTitle></srcCitatn></stepSrc></prcStep><dataSource><srcDesc>spatial and attribute data</srcDesc><srcMedName><MedNameCd value="015"/></srcMedName><srcCitatn><resTitle>A precision gravity study of the Southern Mesilla bolson, West Texas</resTitle><resAltTitle>Khatun, 2003</resAltTitle><date><pubDate>2003-01-01</pubDate></date><citRespParty><rpOrgName>Khatun, S.</rpOrgName><role><RoleCd value="006"/></role></citRespParty><presForm><fgdcGeoform>online</fgdcGeoform></presForm><datasetSeries><seriesName>M.S. thesis, University of Texas at El Paso, ETD Collection</seriesName><issId>Paper AAIEP10570</issId></datasetSeries><citOnlineRes><linkage>http://digitalcommons.utep.edu/dissertations/AAIEP10570</linkage></citOnlineRes></srcCitatn><srcExt><exDesc>publication date</exDesc><tempEle><TempExtent><exTemp><TM_Instant><tmPosition>2003-01-01</tmPosition></TM_Instant></exTemp></TempExtent></tempEle></srcExt></dataSource><dataSource><srcDesc>spatial and attribute data</srcDesc><srcCitatn><resTitle>Locating faults in the southern Mesilla Bolson, west Texas and southern New Mexico, using 3-D modeling of precision gravity data</resTitle><resAltTitle>Khatun and others, 2007</resAltTitle><date><pubDate>2007-01-01</pubDate></date><citRespParty><rpOrgName>Khatun, S., Doser, D.I. Imana, E.C., and Keller, G.R.</rpOrgName><role><RoleCd value="006"/></role></citRespParty><presForm><PresFormCd value="002"/></presForm><presForm><fgdcGeoform>document</fgdcGeoform></presForm><datasetSeries><seriesName>Journal of Environmental and Engineering Geophysics</seriesName><issId>v. 12, issue 2</issId></datasetSeries><citOnlineRes><linkage>unknown</linkage></citOnlineRes></srcCitatn><srcExt><exDesc>publication date</exDesc><tempEle><TempExtent><exTemp><TM_Instant><tmPosition>2007-01-01</tmPosition></TM_Instant></exTemp></TempExtent></tempEle></srcExt></dataSource><dataSource><srcDesc>spatial and attribute data</srcDesc><srcCitatn><resTitle>Hydrogeological Activities in the Conejos-Medanos/Mesilla Basin Aquifer, Chihuahua, Phase I</resTitle><resAltTitle>Servicio Geologico Mexico, 2010</resAltTitle><date><pubDate>2010-01-01</pubDate></date><citRespParty><rpOrgName>Servicio Geologico Mexico</rpOrgName><role><RoleCd value="006"/></role></citRespParty><presForm><PresFormCd value="002"/></presForm><presForm><fgdcGeoform>document</fgdcGeoform></presForm><citOnlineRes><linkage>unknown</linkage></citOnlineRes></srcCitatn><srcExt><exDesc>publication date</exDesc><tempEle><TempExtent><exTemp><TM_Instant><tmPosition>2010-01-01</tmPosition></TM_Instant></exTemp></TempExtent></tempEle></srcExt></dataSource><dataSource><srcDesc>spatial and attribute data</srcDesc><srcCitatn><resTitle>The Mesilla Bolson—An integrated geophysical, hydrological, and structural analysis using free air anomalies</resTitle><resAltTitle>Imana, 2002</resAltTitle><date><pubDate>2002-01-01</pubDate></date><citRespParty><rpOrgName>Imana, E.M.C.</rpOrgName><role><RoleCd value="006"/></role></citRespParty><presForm><PresFormCd value="002"/></presForm><presForm><fgdcGeoform>document</fgdcGeoform></presForm><datasetSeries><seriesName>Ph.D. dissertation, University of Texas at El Paso</seriesName><issId>none</issId></datasetSeries><citOnlineRes><linkage>unknown</linkage></citOnlineRes></srcCitatn><srcExt><exDesc>publication date</exDesc><tempEle><TempExtent><exTemp><TM_Instant><tmPosition>2002-01-01</tmPosition></TM_Instant></exTemp></TempExtent></tempEle></srcExt></dataSource><dataSource><srcDesc>spatial and attribute data</srcDesc><srcCitatn><resTitle>Structural geology and geophysics of the Pipeline Complex, northern Franklin Mountains, El Paso, Texas</resTitle><resAltTitle>Figeurs, 1987</resAltTitle><date><pubDate>1987-01-01</pubDate></date><citRespParty><rpOrgName>Figuers, S.H.</rpOrgName><role><RoleCd value="006"/></role></citRespParty><presForm><PresFormCd value="002"/></presForm><presForm><fgdcGeoform>document</fgdcGeoform></presForm><datasetSeries><seriesName>Ph.D. dissertation, University of Texas at El Paso</seriesName><issId>none</issId></datasetSeries><citOnlineRes><linkage>unknown</linkage></citOnlineRes></srcCitatn><srcExt><exDesc>publication date</exDesc><tempEle><TempExtent><exTemp><TM_Instant><tmPosition>1987-01-01</tmPosition></TM_Instant></exTemp></TempExtent></tempEle></srcExt></dataSource><dataSource><srcDesc>spatial and attribute data</srcDesc><srcMedName><MedNameCd value="015"/></srcMedName><srcCitatn><resTitle>Creation of a digital hydrogeologic framework model of the Mesilla Basin and southern Jornada del Muerto Basin (Report prepared for Lower Rio Grande Water Users Organization, includes 2005 Addendum extending model into Rincon Valley and adjacent areas)</resTitle><resAltTitle>Hawley and Kennedy, 2004</resAltTitle><date><pubDate>2004-01-01</pubDate></date><citRespParty><rpOrgName>Hawley, J.W. and Kennedy, J.F.</rpOrgName><role><RoleCd value="006"/></role></citRespParty><presForm><fgdcGeoform>CDROM</fgdcGeoform></presForm><datasetSeries><seriesName>New Mexico Water Resources Research Institute Technical Completion Report</seriesName><issId>332</issId></datasetSeries><citOnlineRes><linkage>http://wrri.nmsu.edu/publish/</linkage></citOnlineRes></srcCitatn><srcExt><exDesc>publication date</exDesc><tempEle><TempExtent><exTemp><TM_Instant><tmPosition>2004-01-01</tmPosition></TM_Instant></exTemp></TempExtent></tempEle></srcExt></dataSource><dataSource><srcDesc>spatial and attribute data</srcDesc><srcMedName><MedNameCd value="015"/></srcMedName><srcCitatn><resTitle>Quaternary fault and fold database for the United States</resTitle><resAltTitle>Quaternary fault and fold database of the United States</resAltTitle><date><pubDate>2006-01-01</pubDate></date><citRespParty><rpOrgName>U.S. Geological Survey and New Mexico Bureau of Mines and Mineral Resources</rpOrgName><role><RoleCd value="006"/></role></citRespParty><presForm><fgdcGeoform>online</fgdcGeoform></presForm><citOnlineRes><linkage>http://earthquake.usgs.gov/hazards/qfaults/</linkage></citOnlineRes></srcCitatn><srcExt><exDesc>publication date</exDesc><tempEle><TempExtent><exTemp><TM_Instant><tmPosition>2006-01-01</tmPosition></TM_Instant></exTemp></TempExtent></tempEle></srcExt></dataSource><dataSource><srcDesc>spatial and attribute data</srcDesc><srcMedName><MedNameCd value="015"/></srcMedName><srcCitatn><resTitle>Hydrogeologic framework of the binational western Hueco Bolson-Paso del Norte area, Texas, New Mexico, and Chihuahua: Overview and progress report on digital model development</resTitle><resAltTitle>Hawley and others, 2009</resAltTitle><date><pubDate>2009-01-01</pubDate></date><citRespParty><rpOrgName>Hawley, J.W., Kennedy, J. F., Granados-Olivas, A., and Ortiz, M.A.</rpOrgName><role><RoleCd value="006"/></role></citRespParty><presForm><fgdcGeoform>CDROM</fgdcGeoform></presForm><datasetSeries><seriesName>New Mexico Water Resources Research Institute Technical Completion Report</seriesName><issId>349</issId></datasetSeries><citOnlineRes><linkage>ftp://wrri.nmsu.edu/pub/hueco</linkage></citOnlineRes></srcCitatn><srcExt><exDesc>publication date</exDesc><tempEle><TempExtent><exTemp><TM_Instant><tmPosition>2009-01-01</tmPosition></TM_Instant></exTemp></TempExtent></tempEle></srcExt></dataSource></dataLineage></dqInfo><eainfo><detailed Name="RGTIHM_3DHFM_faults"><enttyp><enttypl Sync="TRUE">RGTIHM_3DHFM_faults</enttypl><enttypd>Polygon Feature Class</enttypd><enttypds>ESRI</enttypds><enttypt Sync="TRUE">Feature Class</enttypt><enttypc Sync="TRUE">65</enttypc></enttyp><attr><attrlabl>Recency</attrlabl><attrdef>Fault recency (age) describes if fault completely cuts the upper, middle, lower Santa Fe Group or the pre-Santa Fe Group rocks. The recency attribute lists the youngest unit that the fault cuts completely. Fault recency was determined through comparison with the USGS Quaternary fault database and through inspection of the structural offset of each fault shown on cross sections in the above reports.</attrdef><attrdefs>User-defined based on multiple sources.</attrdefs><attrdomv><edom><edomv>MSF</edomv><edomvd>Middle Fe Group rocks</edomvd><edomvds>User-defined based on multiple sources.</edomvds></edom><edom><edomv>LSF</edomv><edomvd>Lower Sante Fe Group rocks</edomvd><edomvds>User-defined based on multiple sources.</edomvds></edom><edom><edomv>preSF</edomv><edomvd>pre-Sante Fe Group rocks</edomvd><edomvds>User-defined based on multiple sources.</edomvds></edom><edom><edomv>USF</edomv><edomvd>Upper Sante Fe Group rocks</edomvd><edomvds>User-defined based on multiple sources.</edomvds></edom></attrdomv><attalias Sync="TRUE">Recency</attalias><attrtype Sync="TRUE">String</attrtype><attwidth Sync="TRUE">20</attwidth><atprecis Sync="TRUE">0</atprecis><attscale Sync="TRUE">0</attscale></attr><attr><attrlabl>Shape_Length</attrlabl><attrdef>Length of feature in meters.</attrdef><attrdefs>Esri</attrdefs><attrdomv><udom>Positive real numbers that are automatically generated.</udom></attrdomv><attalias Sync="TRUE">Shape_Length</attalias><attrtype Sync="TRUE">Double</attrtype><attwidth Sync="TRUE">8</attwidth><atprecis Sync="TRUE">0</atprecis><attscale Sync="TRUE">0</attscale></attr><attr><attrlabl>Shape</attrlabl><attrdef>Feature geometry.</attrdef><attrdefs>ESRI</attrdefs><attrdomv><udom>Coordinates defining the features.</udom></attrdomv><attalias Sync="TRUE">Shape</attalias><attrtype Sync="TRUE">Geometry</attrtype><attwidth Sync="TRUE">0</attwidth><atprecis Sync="TRUE">0</atprecis><attscale Sync="TRUE">0</attscale></attr><attr><attrlabl>Flt_name</attrlabl><attrdef>Fault name, compiled from annotations on source maps and cross sections, combined with names listed in the Quaternary fault and fold database of the United States. Unnamed faults have a NULL value in this field.</attrdef><attrdefs>User-defined based on multiple sources.</attrdefs><attrdomv><udom>Description of the features.</udom></attrdomv><attalias Sync="TRUE">Flt_Name</attalias><attrtype Sync="TRUE">String</attrtype><attwidth Sync="TRUE">50</attwidth><atprecis Sync="TRUE">0</atprecis><attscale Sync="TRUE">0</attscale></attr><attr><attrlabl>OBJECTID</attrlabl><attrdef>Internal feature number.</attrdef><attrdefs>ESRI</attrdefs><attrdomv><udom>Sequential unique whole numbers that are automatically generated.</udom></attrdomv><attalias Sync="TRUE">OBJECTID</attalias><attrtype Sync="TRUE">OID</attrtype><attwidth Sync="TRUE">4</attwidth><atprecis Sync="TRUE">0</atprecis><attscale Sync="TRUE">0</attscale></attr></detailed></eainfo><mdHrLvName Sync="TRUE">dataset</mdHrLvName><refSysInfo><RefSystem><refSysID><identCode code="26913" Sync="TRUE"></identCode><idCodeSpace Sync="TRUE">EPSG</idCodeSpace><idVersion Sync="TRUE">8.6.2</idVersion></refSysID></RefSystem></refSysInfo><spatRepInfo><VectSpatRep><geometObjs Name="RGTIHM_3DHFM_faults"><geoObjTyp><GeoObjTypCd value="002" Sync="TRUE"></GeoObjTypCd></geoObjTyp><geoObjCnt Sync="TRUE">65</geoObjCnt></geometObjs><topLvl><TopoLevCd value="001" Sync="TRUE"></TopoLevCd></topLvl></VectSpatRep></spatRepInfo><spdoinfo><ptvctinf><esriterm Name="RGTIHM_3DHFM_faults"><efeatyp Sync="TRUE">Simple</efeatyp><efeageom code="3" Sync="TRUE"></efeageom><esritopo Sync="TRUE">FALSE</esritopo><efeacnt Sync="TRUE">65</efeacnt><spindex Sync="TRUE">TRUE</spindex><linrefer Sync="TRUE">FALSE</linrefer></esriterm></ptvctinf></spdoinfo></metadata>
