<?xml version="1.0" encoding="UTF-8"?>
<metadata xml:lang="en"><Esri><CreaDate>20170627</CreaDate><CreaTime>12302400</CreaTime><ArcGISFormat>1.0</ArcGISFormat><ArcGISstyle>FGDC CSDGM Metadata</ArcGISstyle><SyncOnce>FALSE</SyncOnce><DataProperties><itemProps><itemName Sync="TRUE">RGTIHM_3DHFM_volc_dikes</itemName><imsContentType Sync="TRUE">002</imsContentType><nativeExtBox><westBL Sync="TRUE">305557.342000</westBL><eastBL Sync="TRUE">354460.910000</eastBL><southBL Sync="TRUE">3513734.249800</southBL><northBL Sync="TRUE">3560893.094400</northBL><exTypeCode Sync="TRUE">1</exTypeCode></nativeExtBox><itemLocation><linkage Sync="TRUE">file://\\IGSWNVWWLT1764\D$\DDATA\Mesilla\GFM\RGTIHM_3DHFM_working\RGTIHM_3DHFM.gdb</linkage><protocol Sync="TRUE">Local Area Network</protocol></itemLocation></itemProps><coordRef><type Sync="TRUE">Projected</type><geogcsn Sync="TRUE">GCS_North_American_1983</geogcsn><csUnits Sync="TRUE">Linear Unit: Meter (1.000000)</csUnits><projcsn Sync="TRUE">NAD_1983_UTM_Zone_13N</projcsn><peXml Sync="TRUE">&lt;ProjectedCoordinateSystem xsi:type='typens:ProjectedCoordinateSystem' xmlns:xsi='http://www.w3.org/2001/XMLSchema-instance' xmlns:xs='http://www.w3.org/2001/XMLSchema' xmlns:typens='http://www.esri.com/schemas/ArcGIS/10.3'&gt;&lt;WKT&gt;PROJCS[&amp;quot;NAD_1983_UTM_Zone_13N&amp;quot;,GEOGCS[&amp;quot;GCS_North_American_1983&amp;quot;,DATUM[&amp;quot;D_North_American_1983&amp;quot;,SPHEROID[&amp;quot;GRS_1980&amp;quot;,6378137.0,298.257222101]],PRIMEM[&amp;quot;Greenwich&amp;quot;,0.0],UNIT[&amp;quot;Degree&amp;quot;,0.0174532925199433]],PROJECTION[&amp;quot;Transverse_Mercator&amp;quot;],PARAMETER[&amp;quot;False_Easting&amp;quot;,500000.0],PARAMETER[&amp;quot;False_Northing&amp;quot;,0.0],PARAMETER[&amp;quot;Central_Meridian&amp;quot;,-105.0],PARAMETER[&amp;quot;Scale_Factor&amp;quot;,0.9996],PARAMETER[&amp;quot;Latitude_Of_Origin&amp;quot;,0.0],UNIT[&amp;quot;Meter&amp;quot;,1.0],AUTHORITY[&amp;quot;EPSG&amp;quot;,26913]]&lt;/WKT&gt;&lt;XOrigin&gt;-5120900&lt;/XOrigin&gt;&lt;YOrigin&gt;-9998100&lt;/YOrigin&gt;&lt;XYScale&gt;10000&lt;/XYScale&gt;&lt;ZOrigin&gt;-100000&lt;/ZOrigin&gt;&lt;ZScale&gt;10000&lt;/ZScale&gt;&lt;MOrigin&gt;-100000&lt;/MOrigin&gt;&lt;MScale&gt;10000&lt;/MScale&gt;&lt;XYTolerance&gt;0.001&lt;/XYTolerance&gt;&lt;ZTolerance&gt;0.001&lt;/ZTolerance&gt;&lt;MTolerance&gt;0.001&lt;/MTolerance&gt;&lt;HighPrecision&gt;true&lt;/HighPrecision&gt;&lt;WKID&gt;26913&lt;/WKID&gt;&lt;LatestWKID&gt;26913&lt;/LatestWKID&gt;&lt;/ProjectedCoordinateSystem&gt;</peXml></coordRef></DataProperties><SyncDate>20161222</SyncDate><SyncTime>15573100</SyncTime><ModDate>20161222</ModDate><ModTime>15573100</ModTime></Esri><mdLang><languageCode value="eng"/><countryCode value="USA" Sync="TRUE"></countryCode></mdLang><mdChar><CharSetCd value="004"/></mdChar><mdHrLv><ScopeCd value="005"/></mdHrLv><mdContact><rpIndName>Donald S. Sweetkind</rpIndName><rpOrgName>U.S. Geological Survey</rpOrgName><rpPosName>Research Geologist</rpPosName><rpCntInfo><cntPhone><voiceNum>1-303-236-1828</voiceNum></cntPhone><cntAddress addressType="both"><delPoint>PO Box 25046, Denver Federal Center, Mailstop 980</delPoint><city>Lakewood</city><adminArea>CO</adminArea><postCode>80225</postCode><country>US</country><eMailAdd>dsweetkind@usgs.gov</eMailAdd></cntAddress></rpCntInfo><role><RoleCd value="007"/></role></mdContact><mdDateSt Sync="TRUE">20161222</mdDateSt><mdStanName>ArcGIS Metadata</mdStanName><mdStanVer>1.0</mdStanVer><distInfo><distributor><distorCont><rpOrgName>U.S. Geological Survey - ScienceBase</rpOrgName><rpCntInfo><cntPhone><voiceNum>1-888-275-8747</voiceNum></cntPhone><cntAddress addressType="both"><delPoint>Denver Federal Center, Building 810, Mail Stop 302</delPoint><city>Denver</city><adminArea>CO</adminArea><postCode>80225</postCode><country>US</country><eMailAdd>sciencebase@usgs.gov</eMailAdd></cntAddress></rpCntInfo><role><RoleCd value="005"/></role></distorCont><distorOrdPrc><resFees>None. This dataset is provided by USGS as a public service.</resFees></distorOrdPrc><distorFormat><formatName>WinZipped file geodatabase and WinZipped ESRI shapefile</formatName><formatVer>10.3</formatVer><formatSpec>ESRI 10.3 file geodatabase or ESRI shapefile. Note some information such as field names and relationship classes may be altered or removed from the source data during conversion to ESRI shapefile format.</formatSpec><formatInfo>Spatial and attribute information</formatInfo></distorFormat><distorTran><onLineSrc><linkage>https://dx.doi.org/xx.xxxx/xxxx</linkage></onLineSrc></distorTran></distributor><distTranOps><onLineSrc><linkage>https://dx.doi.org/xx.xxxx/xxxx</linkage></onLineSrc></distTranOps><distFormat><formatName Sync="TRUE">File Geodatabase Feature Class</formatName></distFormat></distInfo><dataIdInfo><idCitation><resTitle Sync="TRUE">RGTIHM_3DHFM_volc_dikes</resTitle><date><pubDate>2017-01-01</pubDate></date><citRespParty><rpOrgName>Donald S. Sweetkind, U.S. Geological Survey</rpOrgName><role><RoleCd value="006"/></role></citRespParty><presForm><PresFormCd value="005"/></presForm><presForm><fgdcGeoform>vector digital data</fgdcGeoform></presForm><collTitle>Construction of 3-D Geologic Framework for the Rio Grande Transboundary region of New Mexico, Texas, USA and Northern Chihuahua, Mexico</collTitle></idCitation><idAbs>This line vector dataset represents the volcanic dikes used in the three-dimensional hydrogeologic framework model for the Rio Grande Transboundary region of New Mexico, Texas, USA and Northern Chihuahua, Mexico. Lines represent locations of volcanic dikes in the subsurface. Some of the locations are based on dikes shown in cross sections of Hawley and Kennedy (2004), other lines interpreted based on alignment of volcanic vents or shallow-level intrusive rocks. These lines are not attributed, the lines simply show the locations where volcanic dikes are interpreted to exist at depth. Note that in some cases dikes are known to intrude into and along fault zones, so that some of the dike features are in the same location as faults. References Cited within this metadata document: Hawley, J.W., and Kennedy, J.F., 2004, Creation of a digital hydrogeologic framework model of the Mesilla Basin and southern Jornada del Muerto Basin (Report prepared for Lower Rio Grande Water Users Organization): New Mexico Water Resources Research Institute, Technical Completion Report 332, 105 p., with CD ROM including 2005 Addendum extending model into Rincon Valley and adjacent areas. http://wrri.nmsu.edu/publish/</idAbs><idPurp>This dataset was created as part of a U.S. Geological Survey study, done in cooperation with the U.S. Bureau of Reclamation, to be used as the digital hydrogeologic input data for numerical simulation of the groundwater system of the Rio Grande transboundary region of New Mexico, Texas, USA and Northern Chihuahua, Mexico. The intended uses of this data set include, but are not limited to, natural resource modeling, mapping, and visualization applications.</idPurp><idCredit>Compilation of this data set and the associated metadata was done in cooperation with the U.S. Bureau of Reclamation. Technical review of this data set was done by XXX of XXX.)</idCredit><idStatus><ProgCd value="001"/></idStatus><idPoC><rpOrgName>U.S. Geological Survey Geosciences and Environmental Change Science Center</rpOrgName><rpPosName>Public Information</rpPosName><rpCntInfo><cntPhone><voiceNum>(303) 236-5345</voiceNum></cntPhone><cntAddress addressType="both"><delPoint>PO Box 25046, Denver Federal Center, Mailstop 980</delPoint><city>Lakewood</city><adminArea>CO</adminArea><postCode>80225</postCode><country>US</country><eMailAdd>rmgsc_apps@usgs.gov</eMailAdd></cntAddress></rpCntInfo><role><RoleCd value="007"/></role></idPoC><resMaint><maintFreq><MaintFreqCd value="011"/></maintFreq></resMaint><placeKeys><keyword>Chihuahua, Mexico</keyword><keyword>Rio Grande River</keyword><keyword>Texas</keyword><keyword>Las Cruces</keyword><keyword>New Mexico</keyword><keyword>Elephant Butte Reservoir</keyword><keyword>Caballo Reservoir</keyword><keyword>El Paso</keyword><keyword>Cuidad Juarez</keyword><thesaName><resTitle>Geographic Names Information System</resTitle></thesaName></placeKeys><themeKeys><keyword>geoscientificInformation</keyword><keyword>elevation</keyword><keyword>inlandWaters</keyword><thesaName><resTitle>ISO 19115 Topic Category</resTitle></thesaName></themeKeys><themeKeys><keyword>geology</keyword><keyword>three-dimensional hydrogeologic framework model</keyword><keyword>hydrogeology</keyword><keyword>faults</keyword><keyword>groundwater system</keyword><keyword>hydrology</keyword><keyword>hydrostratigraphy</keyword><keyword>geologic framework</keyword><keyword>transboundary</keyword><thesaName><resTitle>Standard thesaurus</resTitle></thesaName></themeKeys><searchKeys><keyword>Chihuahua, Mexico</keyword><keyword>geology</keyword><keyword>three-dimensional hydrogeologic framework model</keyword><keyword>hydrogeology</keyword><keyword>Rio Grande River</keyword><keyword>faults</keyword><keyword>Texas</keyword><keyword>Las Cruces</keyword><keyword>New Mexico</keyword><keyword>geoscientificInformation</keyword><keyword>groundwater system</keyword><keyword>hydrology</keyword><keyword>elevation</keyword><keyword>inlandWaters</keyword><keyword>hydrostratigraphy</keyword><keyword>Elephant Butte Reservoir</keyword><keyword>geologic framework</keyword><keyword>transboundary</keyword><keyword>Caballo Reservoir</keyword><keyword>El Paso</keyword><keyword>Cuidad Juarez</keyword></searchKeys><resConst><LegConsts><useLimit>This database has been approved for release by the U.S. Geological Survey (USGS). Although this database has been subjected to rigorous review and is substantially complete, the USGS reserves the right to revise the data pursuant to further analysis and review. Furthermore, the database is released on condition that neither the USGS nor the U.S. Government shall be held liable for any damages resulting from its authorized or unauthorized use. Any use of trade, firm, or product names is for descriptive purposes only and does not imply endorsement by the U.S. Government.</useLimit></LegConsts></resConst><resConst><Consts><useLimit>Acknowledgement of the U.S. Geological Survey and U.S. Bureau of Reclamation would be appreciated in products derived from these data. Users are advised to read the metadata thoroughly to understand appropriate use and data limitations. Although this Federal Geographic Data Committee (FGDC) compliant metadata file is intended to document the data set in nonproprietary form, this metadata file may include some ArcGIS-specific terminology. These data are not intended to be used as a survey product and are for reference only.</useLimit></Consts></resConst><aggrInfo><aggrDSName><resTitle>Construction of 3-D Geologic Framework for the Rio Grande Transboundary region of New Mexico, Texas, USA and Northern Chihuahua, Mexico</resTitle><date><pubDate>2017-01-01</pubDate></date><citRespParty><rpOrgName>Donald S. Sweetkind, Andre B. Ritchie, U.S. Geological Survey and John W. Hawley, HAWLEY GEOMATTERS</rpOrgName><role><RoleCd value="006"/></role></citRespParty><presForm><fgdcGeoform>online document</fgdcGeoform></presForm><datasetSeries><seriesName>U.S. Geological Survey Scientific Investigations Report</seriesName><issId>2017-xxxx</issId></datasetSeries><citOnlineRes><linkage>https://dx.doi.org/xx.xxxx/xxxx</linkage></citOnlineRes></aggrDSName><assocType><AscTypeCd value="002"/></assocType></aggrInfo><dataLang><languageCode value="eng"/><countryCode value="USA" Sync="TRUE"></countryCode></dataLang><tpCat><TopicCatCd value="006"/></tpCat><tpCat><TopicCatCd value="008"/></tpCat><tpCat><TopicCatCd value="012"/></tpCat><envirDesc Sync="TRUE">Microsoft Windows 7 Version 6.1 (Build 7601) Service Pack 1; Esri ArcGIS 10.3.1.4959</envirDesc><dataExt><exDesc>publication date</exDesc><tempEle><TempExtent><exTemp><TM_Instant><tmPosition>2017-01-01</tmPosition></TM_Instant></exTemp></TempExtent></tempEle><geoEle/></dataExt><spatRpType><SpatRepTypCd value="001" Sync="TRUE"></SpatRepTypCd></spatRpType><dataExt><geoEle><GeoBndBox esriExtentType="search"><exTypeCode Sync="TRUE">1</exTypeCode><westBL Sync="TRUE">-107.062136</westBL><eastBL Sync="TRUE">-106.536584</eastBL><northBL Sync="TRUE">32.175140</northBL><southBL Sync="TRUE">31.742563</southBL></GeoBndBox></geoEle></dataExt></dataIdInfo><dqInfo><dqScope><scpLvl><ScopeCd value="005"/></scpLvl></dqScope><report type="DQTopConsis"><evalMethDesc>The logical consistency topologically is clean. Chain-node topology is present.</evalMethDesc></report><report type="DQConcConsis"><measDesc>The logical consistency topologically is clean. Chain-node topology is present.</measDesc></report><report type="DQCompOm"><measDesc>Dataset is considered complete for the information presented, as described in the abstract. Users are advised to read the rest of the metadata record carefully for additional details.</measDesc></report><report type="DQQuanAttAcc"><measDesc>No formal attribute accuracy tests were conducted. Verification was done by interactive on-screen review. Frequency tests were performed on all feature class attributes to check that no features were unlabeled, misspelled, or inconsistent.</measDesc></report><report type="DQAbsExtPosAcc" dimension="horizontal"><measDesc>A formal accuracy assessment of the horizontal positional information in the dataset has not been conducted.</measDesc></report><report type="DQAbsExtPosAcc" dimension="vertical"><measDesc>A formal accuracy assessment of the vertical positional information in the dataset has not been conducted.</measDesc></report><dataLineage><prcStep><stepDesc>A GIS was used to create and edit a vector line dataset based on a published source and expert interpretations.</stepDesc><stepDateTm>2016-01-01</stepDateTm></prcStep><dataSource><srcDesc>spatial and attribute data</srcDesc><srcMedName><MedNameCd value="015"/></srcMedName><srcCitatn><resTitle>Creation of a digital hydrogeologic framework model of the Mesilla Basin and southern Jornada del Muerto Basin (Report prepared for Lower Rio Grande Water Users Organization, includes 2005 Addendum extending model into Rincon Valley and adjacent areas)</resTitle><resAltTitle>Hawley and Kennedy, 2004</resAltTitle><date><pubDate>2004-01-01</pubDate></date><citRespParty><rpOrgName>Hawley, J.W. and Kennedy, J.F.</rpOrgName><role><RoleCd value="006"/></role></citRespParty><presForm><fgdcGeoform>CDROM</fgdcGeoform></presForm><datasetSeries><seriesName>New Mexico Water Resources Research Institute Technical Completion Report</seriesName><issId>332</issId></datasetSeries><citOnlineRes><linkage>http://wrri.nmsu.edu/publish/</linkage></citOnlineRes></srcCitatn><srcExt><exDesc>publication date</exDesc><tempEle><TempExtent><exTemp><TM_Instant><tmPosition>2004-01-01</tmPosition></TM_Instant></exTemp></TempExtent></tempEle></srcExt></dataSource></dataLineage></dqInfo><eainfo><detailed Name="RGTIHM_3DHFM_volc_dikes"><enttyp><enttypl Sync="TRUE">RGTIHM_3DHFM_volc_dikes</enttypl><enttypd>Polygon Feature Class</enttypd><enttypds>ESRI</enttypds><enttypt Sync="TRUE">Feature Class</enttypt><enttypc Sync="TRUE">9</enttypc></enttyp><attr><attrlabl>Shape</attrlabl><attrdef>Feature geometry.</attrdef><attrdefs>ESRI</attrdefs><attrdomv><udom>Coordinates defining the features.</udom></attrdomv><attalias Sync="TRUE">SHAPE</attalias><attrtype Sync="TRUE">Geometry</attrtype><attwidth Sync="TRUE">0</attwidth><atprecis Sync="TRUE">0</atprecis><attscale Sync="TRUE">0</attscale></attr><attr><attrlabl>Shape_Length</attrlabl><attrdef>Length of feature in meters.</attrdef><attrdefs>Esri</attrdefs><attrdomv><udom>Positive real numbers that are automatically generated.</udom></attrdomv><attalias Sync="TRUE">SHAPE_Length</attalias><attrtype Sync="TRUE">Double</attrtype><attwidth Sync="TRUE">8</attwidth><atprecis Sync="TRUE">0</atprecis><attscale Sync="TRUE">0</attscale></attr><attr><attrlabl>OBJECTID</attrlabl><attrdef>Internal feature number.</attrdef><attrdefs>ESRI</attrdefs><attrdomv><udom>Sequential unique whole numbers that are automatically generated.</udom></attrdomv><attalias Sync="TRUE">OBJECTID</attalias><attrtype Sync="TRUE">OID</attrtype><attwidth Sync="TRUE">4</attwidth><atprecis Sync="TRUE">0</atprecis><attscale Sync="TRUE">0</attscale></attr></detailed></eainfo><mdHrLvName Sync="TRUE">dataset</mdHrLvName><refSysInfo><RefSystem><refSysID><identCode code="26913" Sync="TRUE"></identCode><idCodeSpace Sync="TRUE">EPSG</idCodeSpace><idVersion Sync="TRUE">8.6.2</idVersion></refSysID></RefSystem></refSysInfo><spatRepInfo><VectSpatRep><geometObjs Name="RGTIHM_3DHFM_volc_dikes"><geoObjTyp><GeoObjTypCd value="002" Sync="TRUE"></GeoObjTypCd></geoObjTyp><geoObjCnt Sync="TRUE">9</geoObjCnt></geometObjs><topLvl><TopoLevCd value="001" Sync="TRUE"></TopoLevCd></topLvl></VectSpatRep></spatRepInfo><spdoinfo><ptvctinf><esriterm Name="RGTIHM_3DHFM_volc_dikes"><efeatyp Sync="TRUE">Simple</efeatyp><efeageom code="3" Sync="TRUE"></efeageom><esritopo Sync="TRUE">FALSE</esritopo><efeacnt Sync="TRUE">9</efeacnt><spindex Sync="TRUE">TRUE</spindex><linrefer Sync="TRUE">FALSE</linrefer></esriterm></ptvctinf></spdoinfo></metadata>
